IfcGUID,レベル,部屋: 名前,ファミリ,マーク,タイプ IfcGUID,照度,仕様 メーカー,仕様 商品名・銘柄・型番,仕様 規格・寸法,価格,交換日
3l7Pw604PCXxs4LT4Axn98,2FL,会議室1,システム天井 照明,776,3l7Pw604PCXxs4LT4Axn9I,12 lx,,,,,
3l7Pw604PCXxs4LT4Axn99,2FL,会議室1,システム天井 照明,777,3l7Pw604PCXxs4LT4Axn9I,12 lx,,,,,
3l7Pw604PCXxs4LT4Axn9E,2FL,会議室1,システム天井 照明,778,3l7Pw604PCXxs4LT4Axn9I,12 lx,,,,,
3l7Pw604PCXxs4LT4Axn9F,2FL,会議室1,システム天井 照明,779,3l7Pw604PCXxs4LT4Axn9I,12 lx,,,,,
3bWyfaOdr6FRpicybt$Myd,2FL,会議室1,システム天井 照明,732,3l7Pw604PCXxs4LT4Axn9I,12 lx,,,,,
3bWyfaOdr6FRpicybt$Myc,2FL,会議室1,システム天井 照明,733,3l7Pw604PCXxs4LT4Axn9I,12 lx,,,,,
3bWyfaOdr6FRpicybt$Myb,2FL,会議室1,システム天井 照明,734,3l7Pw604PCXxs4LT4Axn9I,12 lx,,,,,
3bWyfaOdr6FRpicybt$Mya,2FL,会議室1,システム天井 照明,735,3l7Pw604PCXxs4LT4Axn9I,12 lx,,,,,
3bWyfaOdr6FRpicybt$M$3,2FL,会議室1,システム天井 照明,736,3l7Pw604PCXxs4LT4Axn9I,12 lx,,,,,
3bWyfaOdr6FRpicybt$M$2,2FL,会議室1,システム天井 照明,737,3l7Pw604PCXxs4LT4Axn9I,12 lx,,,,,
3bWyfaOdr6FRpicybt$M$1,2FL,会議室1,システム天井 照明,738,3l7Pw604PCXxs4LT4Axn9I,12 lx,,,,,
3bWyfaOdr6FRpicybt$M$0,2FL,会議室1,システム天井 照明,739,3l7Pw604PCXxs4LT4Axn9I,12 lx,,,,,
3bWyfaOdr6FRpicybt$MuC,2FL,ロビー・打合せスペース,システム天井 照明,740,3l7Pw604PCXxs4LT4Axn9I,12 lx,,,,,
3bWyfaOdr6FRpicybt$MuB,2FL,会議室2,システム天井 照明,741,3l7Pw604PCXxs4LT4Axn9I,12 lx,,,,,
3bWyfaOdr6FRpicybt$MuA,2FL,会議室2,システム天井 照明,742,3l7Pw604PCXxs4LT4Axn9I,12 lx,,,,,
3bWyfaOdr6FRpicybt$Mu9,2FL,会議室2,システム天井 照明,743,3l7Pw604PCXxs4LT4Axn9I,12 lx,,,,,
3bWyfaOdr6FRpicybt$Mvr,2FL,ロビー・打合せスペース,システム天井 照明,744,3l7Pw604PCXxs4LT4Axn9I,12 lx,,,,,
3bWyfaOdr6FRpicybt$Mvq,2FL,会議室2,システム天井 照明,745,3l7Pw604PCXxs4LT4Axn9I,12 lx,,,,,
3bWyfaOdr6FRpicybt$Mvp,2FL,会議室2,システム天井 照明,746,3l7Pw604PCXxs4LT4Axn9I,12 lx,,,,,
3bWyfaOdr6FRpicybt$Mvo,2FL,会議室2,システム天井 照明,747,3l7Pw604PCXxs4LT4Axn9I,12 lx,,,,,
3bWyfaOdr6FRpicybt$Mw_,2FL,ロビー・打合せスペース,システム天井 照明,748,3l7Pw604PCXxs4LT4Axn9I,12 lx,,,,,
3bWyfaOdr6FRpicybt$Mwz,2FL,会議室2,システム天井 照明,749,3l7Pw604PCXxs4LT4Axn9I,12 lx,,,,,
3bWyfaOdr6FRpicybt$Mwy,2FL,会議室2,システム天井 照明,750,3l7Pw604PCXxs4LT4Axn9I,12 lx,,,,,
3bWyfaOdr6FRpicybt$Mwx,2FL,会議室2,システム天井 照明,751,3l7Pw604PCXxs4LT4Axn9I,12 lx,,,,,
3bWyfaOdr6FRpicybt$Mxd,2FL,ロビー・打合せスペース,システム天井 照明,752,3l7Pw604PCXxs4LT4Axn9I,12 lx,,,,,
3bWyfaOdr6FRpicybt$Mxc,2FL,会議室3,システム天井 照明,753,3l7Pw604PCXxs4LT4Axn9I,12 lx,,,,,
3bWyfaOdr6FRpicybt$Mxb,2FL,会議室3,システム天井 照明,754,3l7Pw604PCXxs4LT4Axn9I,12 lx,,,,,
3bWyfaOdr6FRpicybt$Mxa,2FL,会議室3,システム天井 照明,755,3l7Pw604PCXxs4LT4Axn9I,12 lx,,,,,
3bWyfaOdr6FRpicybt$MqW,2FL,ロビー・打合せスペース,システム天井 照明,756,3l7Pw604PCXxs4LT4Axn9I,12 lx,,,,,
3bWyfaOdr6FRpicybt$Mql,2FL,会議室3,システム天井 照明,757,3l7Pw604PCXxs4LT4Axn9I,12 lx,,,,,
3bWyfaOdr6FRpicybt$Mqk,2FL,会議室3,システム天井 照明,758,3l7Pw604PCXxs4LT4Axn9I,12 lx,,,,,
3bWyfaOdr6FRpicybt$Mqj,2FL,会議室3,システム天井 照明,759,3l7Pw604PCXxs4LT4Axn9I,12 lx,,,,,
3bWyfaOdr6FRpicybt$MmW,2FL,会議室3,システム天井 照明,760,3l7Pw604PCXxs4LT4Axn9I,12 lx,,,,,
3bWyfaOdr6FRpicybt$Mml,2FL,会議室3,システム天井 照明,761,3l7Pw604PCXxs4LT4Axn9I,12 lx,,,,,
3bWyfaOdr6FRpicybt$Mmk,2FL,会議室3,システム天井 照明,762,3l7Pw604PCXxs4LT4Axn9I,12 lx,,,,,
3bWyfaOdr6FRpicybt$Mp7,2FL,ロビー・打合せスペース,システム天井 照明,763,3l7Pw604PCXxs4LT4Axn9I,12 lx,,,,,
3bWyfaOdr6FRpicybt$NFY,2FL,受付,システム天井 照明,764,3l7Pw604PCXxs4LT4Axn9I,12 lx,,,,,
3bWyfaOdr6FRpicybt$NFX,2FL,受付,システム天井 照明,765,3l7Pw604PCXxs4LT4Axn9I,12 lx,,,,,
3bWyfaOdr6FRpicybt$NFW,2FL,ロビー・打合せスペース,システム天井 照明,766,3l7Pw604PCXxs4LT4Axn9I,12 lx,,,,,
3bWyfaOdr6FRpicybt$NFl,2FL,ロビー・打合せスペース,システム天井 照明,767,3l7Pw604PCXxs4LT4Axn9I,12 lx,,,,,
3bWyfaOdr6FRpicybt$NFk,2FL,ロビー・打合せスペース,システム天井 照明,768,3l7Pw604PCXxs4LT4Axn9I,12 lx,,,,,
3bWyfaOdr6FRpicybt$NFj,2FL,ロビー・打合せスペース,システム天井 照明,769,3l7Pw604PCXxs4LT4Axn9I,12 lx,,,,,
3bWyfaOdr6FRpicybt$NBa,2FL,ロビー・打合せスペース,システム天井 照明,770,3l7Pw604PCXxs4LT4Axn9I,12 lx,,,,,
3bWyfaOdr6FRpicybt$NBZ,2FL,ロビー・打合せスペース,システム天井 照明,771,3l7Pw604PCXxs4LT4Axn9I,12 lx,,,,,
3bWyfaOdr6FRpicybt$NBY,2FL,ロビー・打合せスペース,システム天井 照明,772,3l7Pw604PCXxs4LT4Axn9I,12 lx,,,,,
3bWyfaOdr6FRpicybt$NBX,2FL,ロビー・打合せスペース,システム天井 照明,773,3l7Pw604PCXxs4LT4Axn9I,12 lx,,,,,
3bWyfaOdr6FRpicybt$NBW,2FL,ロビー・打合せスペース,システム天井 照明,774,3l7Pw604PCXxs4LT4Axn9I,12 lx,,,,,
3bWyfaOdr6FRpicybt$NBl,2FL,ロビー・打合せスペース,システム天井 照明,775,3l7Pw604PCXxs4LT4Axn9I,12 lx,,,,,
3bWyfaOdr6FRpicybt$N4h,2FL,ロビー・打合せスペース,システム天井 照明,1340,3l7Pw604PCXxs4LT4Axn9I,12 lx,,,,,
3bWyfaOdr6FRpicybt$N4g,2FL,ロビー・打合せスペース,システム天井 照明,1341,3l7Pw604PCXxs4LT4Axn9I,12 lx,,,,,
3bWyfaOdr6FRpicybt$N4f,2FL,ロビー・打合せスペース,システム天井 照明,1342,3l7Pw604PCXxs4LT4Axn9I,12 lx,,,,,
3bWyfaOdr6FRpicybt$N4e,2FL,ロビー・打合せスペース,システム天井 照明,1343,3l7Pw604PCXxs4LT4Axn9I,12 lx,,,,,
3bWyfaOdr6FRpicybt$N5N,2FL,ロビー・打合せスペース,システム天井 照明,1344,3l7Pw604PCXxs4LT4Axn9I,12 lx,,,,,
3bWyfaOdr6FRpicybt$N5M,2FL,ロビー・打合せスペース,システム天井 照明,1345,3l7Pw604PCXxs4LT4Axn9I,12 lx,,,,,
3bWyfaOdr6FRpicybt$N6I,2FL,ロビー・打合せスペース,システム天井 照明,1346,3l7Pw604PCXxs4LT4Axn9I,12 lx,,,,,
3bWyfaOdr6FRpicybt$N6H,2FL,ロビー・打合せスペース,システム天井 照明,1347,3l7Pw604PCXxs4LT4Axn9I,12 lx,,,,,
3bWyfaOdr6FRpicybt$N6G,2FL,ロビー・打合せスペース,システム天井 照明,1348,3l7Pw604PCXxs4LT4Axn9I,12 lx,,,,,
3bWyfaOdr6FRpicybt$N6V,2FL,ロビー・打合せスペース,システム天井 照明,1349,3l7Pw604PCXxs4LT4Axn9I,12 lx,,,,,
3bWyfaOdr6FRpicybt$N6U,2FL,ロビー・打合せスペース,システム天井 照明,1350,3l7Pw604PCXxs4LT4Axn9I,12 lx,,,,,
3bWyfaOdr6FRpicybt$N6T,2FL,ロビー・打合せスペース,システム天井 照明,1351,3l7Pw604PCXxs4LT4Axn9I,12 lx,,,,,
3bWyfaOdr6FRpicybt$N7P,2FL,ロビー・打合せスペース,システム天井 照明,1352,3l7Pw604PCXxs4LT4Axn9I,12 lx,,,,,
3bWyfaOdr6FRpicybt$N7O,2FL,ロビー・打合せスペース,システム天井 照明,1353,3l7Pw604PCXxs4LT4Axn9I,12 lx,,,,,
3bWyfaOdr6FRpicybt$N77,2FL,ロビー・打合せスペース,システム天井 照明,1354,3l7Pw604PCXxs4LT4Axn9I,12 lx,,,,,
3bWyfaOdr6FRpicybt$N76,2FL,ロビー・打合せスペース,システム天井 照明,1355,3l7Pw604PCXxs4LT4Axn9I,12 lx,,,,,
3bWyfaOdr6FRpicybt$N75,2FL,ロビー・打合せスペース,システム天井 照明,1356,3l7Pw604PCXxs4LT4Axn9I,12 lx,,,,,
3bWyfaOdr6FRpicybt$N74,2FL,ロビー・打合せスペース,システム天井 照明,1357,3l7Pw604PCXxs4LT4Axn9I,12 lx,,,,,
3bWyfaOdr6FRpicybt$N00,2FL,ギャラリースペース,システム天井 照明,1358,3l7Pw604PCXxs4LT4Axn9I,12 lx,,,,,
3bWyfaOdr6FRpicybt$N0F,2FL,ギャラリースペース,システム天井 照明,1359,3l7Pw604PCXxs4LT4Axn9I,12 lx,,,,,
3bWyfaOdr6FRpicybt$N0E,2FL,ギャラリースペース,システム天井 照明,1360,3l7Pw604PCXxs4LT4Axn9I,12 lx,,,,,
3bWyfaOdr6FRpicybt$N0D,2FL,ギャラリースペース,システム天井 照明,1361,3l7Pw604PCXxs4LT4Axn9I,12 lx,,,,,
3bWyfaOdr6FRpicybt$N0C,2FL,ギャラリースペース,システム天井 照明,1362,3l7Pw604PCXxs4LT4Axn9I,12 lx,,,,,
3bWyfaOdr6FRpicybt$N0B,2FL,ギャラリースペース,システム天井 照明,1363,3l7Pw604PCXxs4LT4Axn9I,12 lx,,,,,
3bWyfaOdr6FRpicybt$N1t,2FL,ギャラリースペース,システム天井 照明,1364,3l7Pw604PCXxs4LT4Axn9I,12 lx,,,,,
3bWyfaOdr6FRpicybt$N1s,2FL,ギャラリースペース,システム天井 照明,1365,3l7Pw604PCXxs4LT4Axn9I,12 lx,,,,,
3bWyfaOdr6FRpicybt$N1r,2FL,ギャラリースペース,システム天井 照明,1366,3l7Pw604PCXxs4LT4Axn9I,12 lx,,,,,
3bWyfaOdr6FRpicybt$N1q,2FL,ギャラリースペース,システム天井 照明,1367,3l7Pw604PCXxs4LT4Axn9I,12 lx,,,,,
3bWyfaOdr6FRpicybt$N1p,2FL,ギャラリースペース,システム天井 照明,1368,3l7Pw604PCXxs4LT4Axn9I,12 lx,,,,,
3bWyfaOdr6FRpicybt$N1o,2FL,ギャラリースペース,システム天井 照明,1369,3l7Pw604PCXxs4LT4Axn9I,12 lx,,,,,
3bWyfaOdr6FRpicybt$NSI,2FL,ギャラリースペース,システム天井 照明,1370,3l7Pw604PCXxs4LT4Axn9I,12 lx,,,,,
3bWyfaOdr6FRpicybt$NSH,2FL,ギャラリースペース,システム天井 照明,1371,3l7Pw604PCXxs4LT4Axn9I,12 lx,,,,,
3bWyfaOdr6FRpicybt$NSG,2FL,ギャラリースペース,システム天井 照明,1372,3l7Pw604PCXxs4LT4Axn9I,12 lx,,,,,
3bWyfaOdr6FRpicybt$NSV,2FL,ギャラリースペース,システム天井 照明,1373,3l7Pw604PCXxs4LT4Axn9I,12 lx,,,,,
3bWyfaOdr6FRpicybt$NSU,2FL,ギャラリースペース,システム天井 照明,1374,3l7Pw604PCXxs4LT4Axn9I,12 lx,,,,,
3bWyfaOdr6FRpicybt$NST,2FL,ギャラリースペース,システム天井 照明,1375,3l7Pw604PCXxs4LT4Axn9I,12 lx,,,,,
0LuFMlas932Oj8jqSvsCZB,3FL,事務室,システム天井 照明,1376,3l7Pw604PCXxs4LT4Axn9I,12 lx,,,,,
0LuFMlas932Oj8jqSvsCZq,3FL,事務室,システム天井 照明,1377,3l7Pw604PCXxs4LT4Axn9I,12 lx,,,,,
0LuFMlas932Oj8jqSvsCZr,3FL,事務室,システム天井 照明,1378,3l7Pw604PCXxs4LT4Axn9I,12 lx,,,,,
0LuFMlas932Oj8jqSvsCZs,3FL,事務室,システム天井 照明,1379,3l7Pw604PCXxs4LT4Axn9I,12 lx,,,,,
0LuFMlas932Oj8jqSvsCZt,3FL,事務室,システム天井 照明,1380,3l7Pw604PCXxs4LT4Axn9I,12 lx,,,,,
0LuFMlas932Oj8jqSvsCZm,3FL,事務室,システム天井 照明,1381,3l7Pw604PCXxs4LT4Axn9I,12 lx,,,,,
0LuFMlas932Oj8jqSvsCZn,3FL,事務室,システム天井 照明,1382,3l7Pw604PCXxs4LT4Axn9I,12 lx,,,,,
0LuFMlas932Oj8jqSvsCZo,3FL,事務室,システム天井 照明,1383,3l7Pw604PCXxs4LT4Axn9I,12 lx,,,,,
0LuFMlas932Oj8jqSvsCZp,3FL,事務室,システム天井 照明,1384,3l7Pw604PCXxs4LT4Axn9I,12 lx,,,,,
0LuFMlas932Oj8jqSvsCZy,3FL,事務室,システム天井 照明,1385,3l7Pw604PCXxs4LT4Axn9I,12 lx,,,,,
0LuFMlas932Oj8jqSvsCZz,3FL,事務室,システム天井 照明,1386,3l7Pw604PCXxs4LT4Axn9I,12 lx,,,,,
0LuFMlas932Oj8jqSvsCZ_,3FL,事務室,システム天井 照明,1387,3l7Pw604PCXxs4LT4Axn9I,12 lx,,,,,
0LuFMlas932Oj8jqSvsCZ$,3FL,事務室,システム天井 照明,1388,3l7Pw604PCXxs4LT4Axn9I,12 lx,,,,,
0LuFMlas932Oj8jqSvsCZu,3FL,事務室,システム天井 照明,1389,3l7Pw604PCXxs4LT4Axn9I,12 lx,,,,,
0LuFMlas932Oj8jqSvsCZv,3FL,事務室,システム天井 照明,1390,3l7Pw604PCXxs4LT4Axn9I,12 lx,,,,,
0LuFMlas932Oj8jqSvsCZw,3FL,事務室,システム天井 照明,1391,3l7Pw604PCXxs4LT4Axn9I,12 lx,,,,,
0LuFMlas932Oj8jqSvsCZx,3FL,事務室,システム天井 照明,1392,3l7Pw604PCXxs4LT4Axn9I,12 lx,,,,,
0LuFMlas932Oj8jqSvsCZa,3FL,事務室,システム天井 照明,1393,3l7Pw604PCXxs4LT4Axn9I,12 lx,,,,,
0LuFMlas932Oj8jqSvsCZb,3FL,事務室,システム天井 照明,1394,3l7Pw604PCXxs4LT4Axn9I,12 lx,,,,,
0LuFMlas932Oj8jqSvsCZc,3FL,事務室,システム天井 照明,1395,3l7Pw604PCXxs4LT4Axn9I,12 lx,,,,,
0LuFMlas932Oj8jqSvsCZd,3FL,事務室,システム天井 照明,1396,3l7Pw604PCXxs4LT4Axn9I,12 lx,,,,,
0LuFMlas932Oj8jqSvsCZW,3FL,事務室,システム天井 照明,1397,3l7Pw604PCXxs4LT4Axn9I,12 lx,,,,,
0LuFMlas932Oj8jqSvsCZX,3FL,事務室,システム天井 照明,1398,3l7Pw604PCXxs4LT4Axn9I,12 lx,,,,,
0LuFMlas932Oj8jqSvsCZY,3FL,事務室,システム天井 照明,1399,3l7Pw604PCXxs4LT4Axn9I,12 lx,,,,,
0LuFMlas932Oj8jqSvsCZZ,3FL,事務室,システム天井 照明,1400,3l7Pw604PCXxs4LT4Axn9I,12 lx,,,,,
0LuFMlas932Oj8jqSvsCZi,3FL,事務室,システム天井 照明,1401,3l7Pw604PCXxs4LT4Axn9I,12 lx,,,,,
0LuFMlas932Oj8jqSvsCZj,3FL,事務室,システム天井 照明,1402,3l7Pw604PCXxs4LT4Axn9I,12 lx,,,,,
0LuFMlas932Oj8jqSvsCZk,3FL,事務室,システム天井 照明,1403,3l7Pw604PCXxs4LT4Axn9I,12 lx,,,,,
0LuFMlas932Oj8jqSvsCZl,3FL,事務室,システム天井 照明,1404,3l7Pw604PCXxs4LT4Axn9I,12 lx,,,,,
0LuFMlas932Oj8jqSvsCZe,3FL,事務室,システム天井 照明,1405,3l7Pw604PCXxs4LT4Axn9I,12 lx,,,,,
0LuFMlas932Oj8jqSvsCZf,3FL,事務室,システム天井 照明,1406,3l7Pw604PCXxs4LT4Axn9I,12 lx,,,,,
0LuFMlas932Oj8jqSvsCZg,3FL,事務室,システム天井 照明,1407,3l7Pw604PCXxs4LT4Axn9I,12 lx,,,,,
0LuFMlas932Oj8jqSvsCZh,3FL,事務室,システム天井 照明,1408,3l7Pw604PCXxs4LT4Axn9I,12 lx,,,,,
0LuFMlas932Oj8jqSvsCYK,3FL,事務室,システム天井 照明,1409,3l7Pw604PCXxs4LT4Axn9I,12 lx,,,,,
0LuFMlas932Oj8jqSvsCYL,3FL,事務室,システム天井 照明,1410,3l7Pw604PCXxs4LT4Axn9I,12 lx,,,,,
0LuFMlas932Oj8jqSvsCYM,3FL,事務室,システム天井 照明,1411,3l7Pw604PCXxs4LT4Axn9I,12 lx,,,,,
0LuFMlas932Oj8jqSvsCYN,3FL,事務室,システム天井 照明,1412,3l7Pw604PCXxs4LT4Axn9I,12 lx,,,,,
0LuFMlas932Oj8jqSvsCYG,3FL,事務室,システム天井 照明,1413,3l7Pw604PCXxs4LT4Axn9I,12 lx,,,,,
0LuFMlas932Oj8jqSvsCYH,3FL,事務室,システム天井 照明,1414,3l7Pw604PCXxs4LT4Axn9I,12 lx,,,,,
0LuFMlas932Oj8jqSvsCYI,3FL,事務室,システム天井 照明,1415,3l7Pw604PCXxs4LT4Axn9I,12 lx,,,,,
0LuFMlas932Oj8jqSvsCYJ,3FL,事務室,システム天井 照明,1416,3l7Pw604PCXxs4LT4Axn9I,12 lx,,,,,
0LuFMlas932Oj8jqSvsCYS,3FL,事務室,システム天井 照明,1417,3l7Pw604PCXxs4LT4Axn9I,12 lx,,,,,
0LuFMlas932Oj8jqSvsCYT,3FL,事務室,システム天井 照明,1418,3l7Pw604PCXxs4LT4Axn9I,12 lx,,,,,
0LuFMlas932Oj8jqSvsCYU,3FL,事務室,システム天井 照明,1419,3l7Pw604PCXxs4LT4Axn9I,12 lx,,,,,
0LuFMlas932Oj8jqSvsCYV,3FL,事務室,システム天井 照明,1420,3l7Pw604PCXxs4LT4Axn9I,12 lx,,,,,
0LuFMlas932Oj8jqSvsCYO,3FL,事務室,システム天井 照明,1421,3l7Pw604PCXxs4LT4Axn9I,12 lx,,,,,
0LuFMlas932Oj8jqSvsCYP,3FL,事務室,システム天井 照明,1422,3l7Pw604PCXxs4LT4Axn9I,12 lx,,,,,
0LuFMlas932Oj8jqSvsCYQ,3FL,事務室,システム天井 照明,1423,3l7Pw604PCXxs4LT4Axn9I,12 lx,,,,,
0LuFMlas932Oj8jqSvsCYR,3FL,事務室,システム天井 照明,1424,3l7Pw604PCXxs4LT4Axn9I,12 lx,,,,,
0LuFMlas932Oj8jqSvsCY4,3FL,事務室,システム天井 照明,1425,3l7Pw604PCXxs4LT4Axn9I,12 lx,,,,,
0LuFMlas932Oj8jqSvsCY5,3FL,事務室,システム天井 照明,1426,3l7Pw604PCXxs4LT4Axn9I,12 lx,,,,,
0LuFMlas932Oj8jqSvsCY6,3FL,事務室,システム天井 照明,1427,3l7Pw604PCXxs4LT4Axn9I,12 lx,,,,,
0LuFMlas932Oj8jqSvsCY7,3FL,事務室,システム天井 照明,1428,3l7Pw604PCXxs4LT4Axn9I,12 lx,,,,,
0LuFMlas932Oj8jqSvsCY0,3FL,事務室,システム天井 照明,1429,3l7Pw604PCXxs4LT4Axn9I,12 lx,,,,,
0LuFMlas932Oj8jqSvsCY1,3FL,事務室,システム天井 照明,1430,3l7Pw604PCXxs4LT4Axn9I,12 lx,,,,,
0LuFMlas932Oj8jqSvsCY2,3FL,事務室,システム天井 照明,1431,3l7Pw604PCXxs4LT4Axn9I,12 lx,,,,,
0LuFMlas932Oj8jqSvsCY3,3FL,事務室,システム天井 照明,1432,3l7Pw604PCXxs4LT4Axn9I,12 lx,,,,,
0LuFMlas932Oj8jqSvsCYC,3FL,事務室,システム天井 照明,1433,3l7Pw604PCXxs4LT4Axn9I,12 lx,,,,,
0LuFMlas932Oj8jqSvsCYD,3FL,事務室,システム天井 照明,1434,3l7Pw604PCXxs4LT4Axn9I,12 lx,,,,,
0LuFMlas932Oj8jqSvsCYE,3FL,事務室,システム天井 照明,1435,3l7Pw604PCXxs4LT4Axn9I,12 lx,,,,,
0LuFMlas932Oj8jqSvsCYF,3FL,事務室,システム天井 照明,1436,3l7Pw604PCXxs4LT4Axn9I,12 lx,,,,,
0LuFMlas932Oj8jqSvsCY8,3FL,事務室,システム天井 照明,1437,3l7Pw604PCXxs4LT4Axn9I,12 lx,,,,,
0LuFMlas932Oj8jqSvsCY9,3FL,事務室,システム天井 照明,1438,3l7Pw604PCXxs4LT4Axn9I,12 lx,,,,,
0LuFMlas932Oj8jqSvsCYA,3FL,事務室,システム天井 照明,1439,3l7Pw604PCXxs4LT4Axn9I,12 lx,,,,,
0LuFMlas932Oj8jqSvsCYB,3FL,事務室,システム天井 照明,1440,3l7Pw604PCXxs4LT4Axn9I,12 lx,,,,,
0LuFMlas932Oj8jqSvsCYq,3FL,事務室,システム天井 照明,1441,3l7Pw604PCXxs4LT4Axn9I,12 lx,,,,,
0LuFMlas932Oj8jqSvsCYr,3FL,事務室,システム天井 照明,1442,3l7Pw604PCXxs4LT4Axn9I,12 lx,,,,,
0LuFMlas932Oj8jqSvsCYs,3FL,事務室,システム天井 照明,1443,3l7Pw604PCXxs4LT4Axn9I,12 lx,,,,,
0LuFMlas932Oj8jqSvsCYt,3FL,事務室,システム天井 照明,1444,3l7Pw604PCXxs4LT4Axn9I,12 lx,,,,,
0LuFMlas932Oj8jqSvsCYm,3FL,事務室,システム天井 照明,1445,3l7Pw604PCXxs4LT4Axn9I,12 lx,,,,,
0LuFMlas932Oj8jqSvsCYn,3FL,事務室,システム天井 照明,1446,3l7Pw604PCXxs4LT4Axn9I,12 lx,,,,,
0LuFMlas932Oj8jqSvsCYo,3FL,事務室,システム天井 照明,1447,3l7Pw604PCXxs4LT4Axn9I,12 lx,,,,,
0LuFMlas932Oj8jqSvsCYp,3FL,事務室,システム天井 照明,1448,3l7Pw604PCXxs4LT4Axn9I,12 lx,,,,,
0LuFMlas932Oj8jqSvsCYy,3FL,事務室,システム天井 照明,1449,3l7Pw604PCXxs4LT4Axn9I,12 lx,,,,,
0LuFMlas932Oj8jqSvsCYz,3FL,事務室,システム天井 照明,1450,3l7Pw604PCXxs4LT4Axn9I,12 lx,,,,,
0LuFMlas932Oj8jqSvsCY_,3FL,事務室,システム天井 照明,1451,3l7Pw604PCXxs4LT4Axn9I,12 lx,,,,,
0LuFMlas932Oj8jqSvsCY$,3FL,事務室,システム天井 照明,1452,3l7Pw604PCXxs4LT4Axn9I,12 lx,,,,,
0LuFMlas932Oj8jqSvsCYu,3FL,事務室,システム天井 照明,1453,3l7Pw604PCXxs4LT4Axn9I,12 lx,,,,,
0LuFMlas932Oj8jqSvsCYv,3FL,事務室,システム天井 照明,1454,3l7Pw604PCXxs4LT4Axn9I,12 lx,,,,,
0LuFMlas932Oj8jqSvsCYw,3FL,事務室,システム天井 照明,1455,3l7Pw604PCXxs4LT4Axn9I,12 lx,,,,,
0LuFMlas932Oj8jqSvsCYx,3FL,事務室,システム天井 照明,1456,3l7Pw604PCXxs4LT4Axn9I,12 lx,,,,,
0LuFMlas932Oj8jqSvsCYa,3FL,事務室,システム天井 照明,1457,3l7Pw604PCXxs4LT4Axn9I,12 lx,,,,,
0LuFMlas932Oj8jqSvsCYb,3FL,事務室,システム天井 照明,1458,3l7Pw604PCXxs4LT4Axn9I,12 lx,,,,,
0LuFMlas932Oj8jqSvsCYc,3FL,事務室,システム天井 照明,1459,3l7Pw604PCXxs4LT4Axn9I,12 lx,,,,,
0LuFMlas932Oj8jqSvsCap,4FL,事務室,システム天井 照明,1460,3l7Pw604PCXxs4LT4Axn9I,12 lx,,,,,
0LuFMlas932Oj8jqSvsCay,4FL,事務室,システム天井 照明,1461,3l7Pw604PCXxs4LT4Axn9I,12 lx,,,,,
0LuFMlas932Oj8jqSvsCaz,4FL,事務室,システム天井 照明,1462,3l7Pw604PCXxs4LT4Axn9I,12 lx,,,,,
0LuFMlas932Oj8jqSvsCa_,4FL,事務室,システム天井 照明,1463,3l7Pw604PCXxs4LT4Axn9I,12 lx,,,,,
0LuFMlas932Oj8jqSvsCa$,4FL,事務室,システム天井 照明,1464,3l7Pw604PCXxs4LT4Axn9I,12 lx,,,,,
0LuFMlas932Oj8jqSvsCau,4FL,事務室,システム天井 照明,1465,3l7Pw604PCXxs4LT4Axn9I,12 lx,,,,,
0LuFMlas932Oj8jqSvsCav,4FL,事務室,システム天井 照明,1466,3l7Pw604PCXxs4LT4Axn9I,12 lx,,,,,
0LuFMlas932Oj8jqSvsCaw,4FL,事務室,システム天井 照明,1467,3l7Pw604PCXxs4LT4Axn9I,12 lx,,,,,
0LuFMlas932Oj8jqSvsCax,4FL,事務室,システム天井 照明,1468,3l7Pw604PCXxs4LT4Axn9I,12 lx,,,,,
0LuFMlas932Oj8jqSvsCaa,4FL,事務室,システム天井 照明,1469,3l7Pw604PCXxs4LT4Axn9I,12 lx,,,,,
0LuFMlas932Oj8jqSvsCab,4FL,事務室,システム天井 照明,1470,3l7Pw604PCXxs4LT4Axn9I,12 lx,,,,,
0LuFMlas932Oj8jqSvsCac,4FL,事務室,システム天井 照明,1471,3l7Pw604PCXxs4LT4Axn9I,12 lx,,,,,
0LuFMlas932Oj8jqSvsCad,4FL,事務室,システム天井 照明,1472,3l7Pw604PCXxs4LT4Axn9I,12 lx,,,,,
0LuFMlas932Oj8jqSvsCaW,4FL,事務室,システム天井 照明,1473,3l7Pw604PCXxs4LT4Axn9I,12 lx,,,,,
0LuFMlas932Oj8jqSvsCaX,4FL,事務室,システム天井 照明,1474,3l7Pw604PCXxs4LT4Axn9I,12 lx,,,,,
0LuFMlas932Oj8jqSvsCaY,4FL,事務室,システム天井 照明,1475,3l7Pw604PCXxs4LT4Axn9I,12 lx,,,,,
0LuFMlas932Oj8jqSvsCaZ,4FL,事務室,システム天井 照明,1476,3l7Pw604PCXxs4LT4Axn9I,12 lx,,,,,
0LuFMlas932Oj8jqSvsCai,4FL,事務室,システム天井 照明,1477,3l7Pw604PCXxs4LT4Axn9I,12 lx,,,,,
0LuFMlas932Oj8jqSvsCaj,4FL,事務室,システム天井 照明,1478,3l7Pw604PCXxs4LT4Axn9I,12 lx,,,,,
0LuFMlas932Oj8jqSvsCak,4FL,事務室,システム天井 照明,1479,3l7Pw604PCXxs4LT4Axn9I,12 lx,,,,,
0LuFMlas932Oj8jqSvsCal,4FL,事務室,システム天井 照明,1480,3l7Pw604PCXxs4LT4Axn9I,12 lx,,,,,
0LuFMlas932Oj8jqSvsCae,4FL,事務室,システム天井 照明,1481,3l7Pw604PCXxs4LT4Axn9I,12 lx,,,,,
0LuFMlas932Oj8jqSvsCaf,4FL,事務室,システム天井 照明,1482,3l7Pw604PCXxs4LT4Axn9I,12 lx,,,,,
0LuFMlas932Oj8jqSvsCag,4FL,事務室,システム天井 照明,1483,3l7Pw604PCXxs4LT4Axn9I,12 lx,,,,,
0LuFMlas932Oj8jqSvsCah,4FL,事務室,システム天井 照明,1484,3l7Pw604PCXxs4LT4Axn9I,12 lx,,,,,
0LuFMlas932Oj8jqSvsCdK,4FL,事務室,システム天井 照明,1485,3l7Pw604PCXxs4LT4Axn9I,12 lx,,,,,
0LuFMlas932Oj8jqSvsCdL,4FL,事務室,システム天井 照明,1486,3l7Pw604PCXxs4LT4Axn9I,12 lx,,,,,
0LuFMlas932Oj8jqSvsCdM,4FL,事務室,システム天井 照明,1487,3l7Pw604PCXxs4LT4Axn9I,12 lx,,,,,
0LuFMlas932Oj8jqSvsCdN,4FL,事務室,システム天井 照明,1488,3l7Pw604PCXxs4LT4Axn9I,12 lx,,,,,
0LuFMlas932Oj8jqSvsCdG,4FL,事務室,システム天井 照明,1489,3l7Pw604PCXxs4LT4Axn9I,12 lx,,,,,
0LuFMlas932Oj8jqSvsCdH,4FL,事務室,システム天井 照明,1490,3l7Pw604PCXxs4LT4Axn9I,12 lx,,,,,
0LuFMlas932Oj8jqSvsCdI,4FL,事務室,システム天井 照明,1491,3l7Pw604PCXxs4LT4Axn9I,12 lx,,,,,
0LuFMlas932Oj8jqSvsCdJ,4FL,事務室,システム天井 照明,1492,3l7Pw604PCXxs4LT4Axn9I,12 lx,,,,,
0LuFMlas932Oj8jqSvsCdS,4FL,事務室,システム天井 照明,1493,3l7Pw604PCXxs4LT4Axn9I,12 lx,,,,,
0LuFMlas932Oj8jqSvsCdT,4FL,事務室,システム天井 照明,1494,3l7Pw604PCXxs4LT4Axn9I,12 lx,,,,,
0LuFMlas932Oj8jqSvsCdU,4FL,事務室,システム天井 照明,1495,3l7Pw604PCXxs4LT4Axn9I,12 lx,,,,,
0LuFMlas932Oj8jqSvsCdV,4FL,事務室,システム天井 照明,1496,3l7Pw604PCXxs4LT4Axn9I,12 lx,,,,,
0LuFMlas932Oj8jqSvsCdO,4FL,事務室,システム天井 照明,1497,3l7Pw604PCXxs4LT4Axn9I,12 lx,,,,,
0LuFMlas932Oj8jqSvsCdP,4FL,事務室,システム天井 照明,1498,3l7Pw604PCXxs4LT4Axn9I,12 lx,,,,,
0LuFMlas932Oj8jqSvsCdQ,4FL,事務室,システム天井 照明,1499,3l7Pw604PCXxs4LT4Axn9I,12 lx,,,,,
0LuFMlas932Oj8jqSvsCdR,4FL,事務室,システム天井 照明,1500,3l7Pw604PCXxs4LT4Axn9I,12 lx,,,,,
0LuFMlas932Oj8jqSvsCd4,4FL,事務室,システム天井 照明,1501,3l7Pw604PCXxs4LT4Axn9I,12 lx,,,,,
0LuFMlas932Oj8jqSvsCd5,4FL,事務室,システム天井 照明,1502,3l7Pw604PCXxs4LT4Axn9I,12 lx,,,,,
0LuFMlas932Oj8jqSvsCd6,4FL,事務室,システム天井 照明,1503,3l7Pw604PCXxs4LT4Axn9I,12 lx,,,,,
0LuFMlas932Oj8jqSvsCd7,4FL,事務室,システム天井 照明,1504,3l7Pw604PCXxs4LT4Axn9I,12 lx,,,,,
0LuFMlas932Oj8jqSvsCd0,4FL,事務室,システム天井 照明,1505,3l7Pw604PCXxs4LT4Axn9I,12 lx,,,,,
0LuFMlas932Oj8jqSvsCd1,4FL,事務室,システム天井 照明,1506,3l7Pw604PCXxs4LT4Axn9I,12 lx,,,,,
0LuFMlas932Oj8jqSvsCd2,4FL,事務室,システム天井 照明,1507,3l7Pw604PCXxs4LT4Axn9I,12 lx,,,,,
0LuFMlas932Oj8jqSvsCd3,4FL,事務室,システム天井 照明,1508,3l7Pw604PCXxs4LT4Axn9I,12 lx,,,,,
0LuFMlas932Oj8jqSvsCdC,4FL,事務室,システム天井 照明,1509,3l7Pw604PCXxs4LT4Axn9I,12 lx,,,,,
0LuFMlas932Oj8jqSvsCdD,4FL,事務室,システム天井 照明,1510,3l7Pw604PCXxs4LT4Axn9I,12 lx,,,,,
0LuFMlas932Oj8jqSvsCdE,4FL,事務室,システム天井 照明,1511,3l7Pw604PCXxs4LT4Axn9I,12 lx,,,,,
0LuFMlas932Oj8jqSvsCdF,4FL,事務室,システム天井 照明,1512,3l7Pw604PCXxs4LT4Axn9I,12 lx,,,,,
0LuFMlas932Oj8jqSvsCd8,4FL,事務室,システム天井 照明,1513,3l7Pw604PCXxs4LT4Axn9I,12 lx,,,,,
0LuFMlas932Oj8jqSvsCd9,4FL,事務室,システム天井 照明,1514,3l7Pw604PCXxs4LT4Axn9I,12 lx,,,,,
0LuFMlas932Oj8jqSvsCdA,4FL,事務室,システム天井 照明,1515,3l7Pw604PCXxs4LT4Axn9I,12 lx,,,,,
0LuFMlas932Oj8jqSvsCdB,4FL,事務室,システム天井 照明,1516,3l7Pw604PCXxs4LT4Axn9I,12 lx,,,,,
0LuFMlas932Oj8jqSvsCdq,4FL,事務室,システム天井 照明,1517,3l7Pw604PCXxs4LT4Axn9I,12 lx,,,,,
0LuFMlas932Oj8jqSvsCdr,4FL,事務室,システム天井 照明,1518,3l7Pw604PCXxs4LT4Axn9I,12 lx,,,,,
0LuFMlas932Oj8jqSvsCds,4FL,事務室,システム天井 照明,1519,3l7Pw604PCXxs4LT4Axn9I,12 lx,,,,,
0LuFMlas932Oj8jqSvsCdt,4FL,事務室,システム天井 照明,1520,3l7Pw604PCXxs4LT4Axn9I,12 lx,,,,,
0LuFMlas932Oj8jqSvsCdm,4FL,事務室,システム天井 照明,1521,3l7Pw604PCXxs4LT4Axn9I,12 lx,,,,,
0LuFMlas932Oj8jqSvsCdn,4FL,事務室,システム天井 照明,1522,3l7Pw604PCXxs4LT4Axn9I,12 lx,,,,,
0LuFMlas932Oj8jqSvsCdo,4FL,事務室,システム天井 照明,1523,3l7Pw604PCXxs4LT4Axn9I,12 lx,,,,,
0LuFMlas932Oj8jqSvsCdp,4FL,事務室,システム天井 照明,1524,3l7Pw604PCXxs4LT4Axn9I,12 lx,,,,,
0LuFMlas932Oj8jqSvsCdy,4FL,事務室,システム天井 照明,1525,3l7Pw604PCXxs4LT4Axn9I,12 lx,,,,,
0LuFMlas932Oj8jqSvsCdz,4FL,事務室,システム天井 照明,1526,3l7Pw604PCXxs4LT4Axn9I,12 lx,,,,,
0LuFMlas932Oj8jqSvsCd_,4FL,事務室,システム天井 照明,1527,3l7Pw604PCXxs4LT4Axn9I,12 lx,,,,,
0LuFMlas932Oj8jqSvsCd$,4FL,事務室,システム天井 照明,1528,3l7Pw604PCXxs4LT4Axn9I,12 lx,,,,,
0LuFMlas932Oj8jqSvsCdu,4FL,事務室,システム天井 照明,1529,3l7Pw604PCXxs4LT4Axn9I,12 lx,,,,,
0LuFMlas932Oj8jqSvsCdv,4FL,事務室,システム天井 照明,1530,3l7Pw604PCXxs4LT4Axn9I,12 lx,,,,,
0LuFMlas932Oj8jqSvsCdw,4FL,事務室,システム天井 照明,1531,3l7Pw604PCXxs4LT4Axn9I,12 lx,,,,,
0LuFMlas932Oj8jqSvsCdx,4FL,事務室,システム天井 照明,1532,3l7Pw604PCXxs4LT4Axn9I,12 lx,,,,,
0LuFMlas932Oj8jqSvsCda,4FL,事務室,システム天井 照明,1533,3l7Pw604PCXxs4LT4Axn9I,12 lx,,,,,
0LuFMlas932Oj8jqSvsCdb,4FL,事務室,システム天井 照明,1534,3l7Pw604PCXxs4LT4Axn9I,12 lx,,,,,
0LuFMlas932Oj8jqSvsCdc,4FL,事務室,システム天井 照明,1535,3l7Pw604PCXxs4LT4Axn9I,12 lx,,,,,
0LuFMlas932Oj8jqSvsCdd,4FL,事務室,システム天井 照明,1536,3l7Pw604PCXxs4LT4Axn9I,12 lx,,,,,
0LuFMlas932Oj8jqSvsCdW,4FL,事務室,システム天井 照明,1537,3l7Pw604PCXxs4LT4Axn9I,12 lx,,,,,
0LuFMlas932Oj8jqSvsCdX,4FL,事務室,システム天井 照明,1538,3l7Pw604PCXxs4LT4Axn9I,12 lx,,,,,
0LuFMlas932Oj8jqSvsCdY,4FL,事務室,システム天井 照明,1539,3l7Pw604PCXxs4LT4Axn9I,12 lx,,,,,
0LuFMlas932Oj8jqSvsCdZ,4FL,事務室,システム天井 照明,1540,3l7Pw604PCXxs4LT4Axn9I,12 lx,,,,,
0LuFMlas932Oj8jqSvsCdi,4FL,事務室,システム天井 照明,1541,3l7Pw604PCXxs4LT4Axn9I,12 lx,,,,,
0LuFMlas932Oj8jqSvsCdj,4FL,事務室,システム天井 照明,1542,3l7Pw604PCXxs4LT4Axn9I,12 lx,,,,,
0LuFMlas932Oj8jqSvsCdk,4FL,事務室,システム天井 照明,1543,3l7Pw604PCXxs4LT4Axn9I,12 lx,,,,,
0LuFMlas932Oj8jqSvsCvx,5FL,事務室,システム天井 照明,1544,3l7Pw604PCXxs4LT4Axn9I,12 lx,,,,,
0LuFMlas932Oj8jqSvsCva,5FL,事務室,システム天井 照明,1545,3l7Pw604PCXxs4LT4Axn9I,12 lx,,,,,
0LuFMlas932Oj8jqSvsCvb,5FL,事務室,システム天井 照明,1546,3l7Pw604PCXxs4LT4Axn9I,12 lx,,,,,
0LuFMlas932Oj8jqSvsCvc,5FL,事務室,システム天井 照明,1547,3l7Pw604PCXxs4LT4Axn9I,12 lx,,,,,
0LuFMlas932Oj8jqSvsCvd,5FL,事務室,システム天井 照明,1548,3l7Pw604PCXxs4LT4Axn9I,12 lx,,,,,
0LuFMlas932Oj8jqSvsCvW,5FL,事務室,システム天井 照明,1549,3l7Pw604PCXxs4LT4Axn9I,12 lx,,,,,
0LuFMlas932Oj8jqSvsCvX,5FL,事務室,システム天井 照明,1550,3l7Pw604PCXxs4LT4Axn9I,12 lx,,,,,
0LuFMlas932Oj8jqSvsCvY,5FL,事務室,システム天井 照明,1551,3l7Pw604PCXxs4LT4Axn9I,12 lx,,,,,
0LuFMlas932Oj8jqSvsCvZ,5FL,事務室,システム天井 照明,1552,3l7Pw604PCXxs4LT4Axn9I,12 lx,,,,,
0LuFMlas932Oj8jqSvsCvi,5FL,事務室,システム天井 照明,1553,3l7Pw604PCXxs4LT4Axn9I,12 lx,,,,,
0LuFMlas932Oj8jqSvsCvj,5FL,事務室,システム天井 照明,1554,3l7Pw604PCXxs4LT4Axn9I,12 lx,,,,,
0LuFMlas932Oj8jqSvsCvk,5FL,事務室,システム天井 照明,1555,3l7Pw604PCXxs4LT4Axn9I,12 lx,,,,,
0LuFMlas932Oj8jqSvsCvl,5FL,事務室,システム天井 照明,1556,3l7Pw604PCXxs4LT4Axn9I,12 lx,,,,,
0LuFMlas932Oj8jqSvsCve,5FL,事務室,システム天井 照明,1557,3l7Pw604PCXxs4LT4Axn9I,12 lx,,,,,
0LuFMlas932Oj8jqSvsCvf,5FL,事務室,システム天井 照明,1558,3l7Pw604PCXxs4LT4Axn9I,12 lx,,,,,
0LuFMlas932Oj8jqSvsCvg,5FL,事務室,システム天井 照明,1559,3l7Pw604PCXxs4LT4Axn9I,12 lx,,,,,
0LuFMlas932Oj8jqSvsCvh,5FL,事務室,システム天井 照明,1560,3l7Pw604PCXxs4LT4Axn9I,12 lx,,,,,
0LuFMlas932Oj8jqSvsCuK,5FL,事務室,システム天井 照明,1561,3l7Pw604PCXxs4LT4Axn9I,12 lx,,,,,
0LuFMlas932Oj8jqSvsCuL,5FL,事務室,システム天井 照明,1562,3l7Pw604PCXxs4LT4Axn9I,12 lx,,,,,
0LuFMlas932Oj8jqSvsCuM,5FL,事務室,システム天井 照明,1563,3l7Pw604PCXxs4LT4Axn9I,12 lx,,,,,
0LuFMlas932Oj8jqSvsCuN,5FL,事務室,システム天井 照明,1564,3l7Pw604PCXxs4LT4Axn9I,12 lx,,,,,
0LuFMlas932Oj8jqSvsCuG,5FL,事務室,システム天井 照明,1565,3l7Pw604PCXxs4LT4Axn9I,12 lx,,,,,
0LuFMlas932Oj8jqSvsCuH,5FL,事務室,システム天井 照明,1566,3l7Pw604PCXxs4LT4Axn9I,12 lx,,,,,
0LuFMlas932Oj8jqSvsCuI,5FL,事務室,システム天井 照明,1567,3l7Pw604PCXxs4LT4Axn9I,12 lx,,,,,
0LuFMlas932Oj8jqSvsCuJ,5FL,事務室,システム天井 照明,1568,3l7Pw604PCXxs4LT4Axn9I,12 lx,,,,,
0LuFMlas932Oj8jqSvsCuS,5FL,事務室,システム天井 照明,1569,3l7Pw604PCXxs4LT4Axn9I,12 lx,,,,,
0LuFMlas932Oj8jqSvsCuT,5FL,事務室,システム天井 照明,1570,3l7Pw604PCXxs4LT4Axn9I,12 lx,,,,,
0LuFMlas932Oj8jqSvsCuU,5FL,事務室,システム天井 照明,1571,3l7Pw604PCXxs4LT4Axn9I,12 lx,,,,,
0LuFMlas932Oj8jqSvsCuV,5FL,事務室,システム天井 照明,1572,3l7Pw604PCXxs4LT4Axn9I,12 lx,,,,,
0LuFMlas932Oj8jqSvsCuO,5FL,事務室,システム天井 照明,1573,3l7Pw604PCXxs4LT4Axn9I,12 lx,,,,,
0LuFMlas932Oj8jqSvsCuP,5FL,事務室,システム天井 照明,1574,3l7Pw604PCXxs4LT4Axn9I,12 lx,,,,,
0LuFMlas932Oj8jqSvsCuQ,5FL,事務室,システム天井 照明,1575,3l7Pw604PCXxs4LT4Axn9I,12 lx,,,,,
0LuFMlas932Oj8jqSvsCuR,5FL,事務室,システム天井 照明,1576,3l7Pw604PCXxs4LT4Axn9I,12 lx,,,,,
0LuFMlas932Oj8jqSvsCu4,5FL,事務室,システム天井 照明,1577,3l7Pw604PCXxs4LT4Axn9I,12 lx,,,,,
0LuFMlas932Oj8jqSvsCu5,5FL,事務室,システム天井 照明,1578,3l7Pw604PCXxs4LT4Axn9I,12 lx,,,,,
0LuFMlas932Oj8jqSvsCu6,5FL,事務室,システム天井 照明,1579,3l7Pw604PCXxs4LT4Axn9I,12 lx,,,,,
0LuFMlas932Oj8jqSvsCu7,5FL,事務室,システム天井 照明,1580,3l7Pw604PCXxs4LT4Axn9I,12 lx,,,,,
0LuFMlas932Oj8jqSvsCu0,5FL,事務室,システム天井 照明,1581,3l7Pw604PCXxs4LT4Axn9I,12 lx,,,,,
0LuFMlas932Oj8jqSvsCu1,5FL,事務室,システム天井 照明,1582,3l7Pw604PCXxs4LT4Axn9I,12 lx,,,,,
0LuFMlas932Oj8jqSvsCu2,5FL,事務室,システム天井 照明,1583,3l7Pw604PCXxs4LT4Axn9I,12 lx,,,,,
0LuFMlas932Oj8jqSvsCu3,5FL,事務室,システム天井 照明,1584,3l7Pw604PCXxs4LT4Axn9I,12 lx,,,,,
0LuFMlas932Oj8jqSvsCuC,5FL,事務室,システム天井 照明,1585,3l7Pw604PCXxs4LT4Axn9I,12 lx,,,,,
0LuFMlas932Oj8jqSvsCuD,5FL,事務室,システム天井 照明,1586,3l7Pw604PCXxs4LT4Axn9I,12 lx,,,,,
0LuFMlas932Oj8jqSvsCuE,5FL,事務室,システム天井 照明,1587,3l7Pw604PCXxs4LT4Axn9I,12 lx,,,,,
0LuFMlas932Oj8jqSvsCuF,5FL,事務室,システム天井 照明,1588,3l7Pw604PCXxs4LT4Axn9I,12 lx,,,,,
0LuFMlas932Oj8jqSvsCu8,5FL,事務室,システム天井 照明,1589,3l7Pw604PCXxs4LT4Axn9I,12 lx,,,,,
0LuFMlas932Oj8jqSvsCu9,5FL,事務室,システム天井 照明,1590,3l7Pw604PCXxs4LT4Axn9I,12 lx,,,,,
0LuFMlas932Oj8jqSvsCuA,5FL,事務室,システム天井 照明,1591,3l7Pw604PCXxs4LT4Axn9I,12 lx,,,,,
0LuFMlas932Oj8jqSvsCuB,5FL,事務室,システム天井 照明,1592,3l7Pw604PCXxs4LT4Axn9I,12 lx,,,,,
0LuFMlas932Oj8jqSvsCuq,5FL,事務室,システム天井 照明,1593,3l7Pw604PCXxs4LT4Axn9I,12 lx,,,,,
0LuFMlas932Oj8jqSvsCur,5FL,事務室,システム天井 照明,1594,3l7Pw604PCXxs4LT4Axn9I,12 lx,,,,,
0LuFMlas932Oj8jqSvsCus,5FL,事務室,システム天井 照明,1595,3l7Pw604PCXxs4LT4Axn9I,12 lx,,,,,
0LuFMlas932Oj8jqSvsCut,5FL,事務室,システム天井 照明,1596,3l7Pw604PCXxs4LT4Axn9I,12 lx,,,,,
0LuFMlas932Oj8jqSvsCum,5FL,事務室,システム天井 照明,1597,3l7Pw604PCXxs4LT4Axn9I,12 lx,,,,,
0LuFMlas932Oj8jqSvsCun,5FL,事務室,システム天井 照明,1598,3l7Pw604PCXxs4LT4Axn9I,12 lx,,,,,
0LuFMlas932Oj8jqSvsCuo,5FL,事務室,システム天井 照明,1599,3l7Pw604PCXxs4LT4Axn9I,12 lx,,,,,
0LuFMlas932Oj8jqSvsCup,5FL,事務室,システム天井 照明,1600,3l7Pw604PCXxs4LT4Axn9I,12 lx,,,,,
0LuFMlas932Oj8jqSvsCuy,5FL,事務室,システム天井 照明,1601,3l7Pw604PCXxs4LT4Axn9I,12 lx,,,,,
0LuFMlas932Oj8jqSvsCuz,5FL,事務室,システム天井 照明,1602,3l7Pw604PCXxs4LT4Axn9I,12 lx,,,,,
0LuFMlas932Oj8jqSvsCu_,5FL,事務室,システム天井 照明,1603,3l7Pw604PCXxs4LT4Axn9I,12 lx,,,,,
0LuFMlas932Oj8jqSvsCu$,5FL,事務室,システム天井 照明,1604,3l7Pw604PCXxs4LT4Axn9I,12 lx,,,,,
0LuFMlas932Oj8jqSvsCuu,5FL,事務室,システム天井 照明,1605,3l7Pw604PCXxs4LT4Axn9I,12 lx,,,,,
0LuFMlas932Oj8jqSvsCuv,5FL,事務室,システム天井 照明,1606,3l7Pw604PCXxs4LT4Axn9I,12 lx,,,,,
0LuFMlas932Oj8jqSvsCuw,5FL,事務室,システム天井 照明,1607,3l7Pw604PCXxs4LT4Axn9I,12 lx,,,,,
0LuFMlas932Oj8jqSvsCux,5FL,事務室,システム天井 照明,1608,3l7Pw604PCXxs4LT4Axn9I,12 lx,,,,,
0LuFMlas932Oj8jqSvsCua,5FL,事務室,システム天井 照明,1609,3l7Pw604PCXxs4LT4Axn9I,12 lx,,,,,
0LuFMlas932Oj8jqSvsCub,5FL,事務室,システム天井 照明,1610,3l7Pw604PCXxs4LT4Axn9I,12 lx,,,,,
0LuFMlas932Oj8jqSvsCuc,5FL,事務室,システム天井 照明,1611,3l7Pw604PCXxs4LT4Axn9I,12 lx,,,,,
0LuFMlas932Oj8jqSvsCud,5FL,事務室,システム天井 照明,1612,3l7Pw604PCXxs4LT4Axn9I,12 lx,,,,,
0LuFMlas932Oj8jqSvsCuW,5FL,事務室,システム天井 照明,1613,3l7Pw604PCXxs4LT4Axn9I,12 lx,,,,,
0LuFMlas932Oj8jqSvsCuX,5FL,事務室,システム天井 照明,1614,3l7Pw604PCXxs4LT4Axn9I,12 lx,,,,,
0LuFMlas932Oj8jqSvsCuY,5FL,事務室,システム天井 照明,1615,3l7Pw604PCXxs4LT4Axn9I,12 lx,,,,,
0LuFMlas932Oj8jqSvsCuZ,5FL,事務室,システム天井 照明,1616,3l7Pw604PCXxs4LT4Axn9I,12 lx,,,,,
0LuFMlas932Oj8jqSvsCui,5FL,事務室,システム天井 照明,1617,3l7Pw604PCXxs4LT4Axn9I,12 lx,,,,,
0LuFMlas932Oj8jqSvsCuj,5FL,事務室,システム天井 照明,1618,3l7Pw604PCXxs4LT4Axn9I,12 lx,,,,,
0LuFMlas932Oj8jqSvsCuk,5FL,事務室,システム天井 照明,1619,3l7Pw604PCXxs4LT4Axn9I,12 lx,,,,,
0LuFMlas932Oj8jqSvsCul,5FL,事務室,システム天井 照明,1620,3l7Pw604PCXxs4LT4Axn9I,12 lx,,,,,
0LuFMlas932Oj8jqSvsCue,5FL,事務室,システム天井 照明,1621,3l7Pw604PCXxs4LT4Axn9I,12 lx,,,,,
0LuFMlas932Oj8jqSvsCuf,5FL,事務室,システム天井 照明,1622,3l7Pw604PCXxs4LT4Axn9I,12 lx,,,,,
0LuFMlas932Oj8jqSvsCug,5FL,事務室,システム天井 照明,1623,3l7Pw604PCXxs4LT4Axn9I,12 lx,,,,,
0LuFMlas932Oj8jqSvsCuh,5FL,事務室,システム天井 照明,1624,3l7Pw604PCXxs4LT4Axn9I,12 lx,,,,,
0LuFMlas932Oj8jqSvsCxK,5FL,事務室,システム天井 照明,1625,3l7Pw604PCXxs4LT4Axn9I,12 lx,,,,,
0LuFMlas932Oj8jqSvsCxL,5FL,事務室,システム天井 照明,1626,3l7Pw604PCXxs4LT4Axn9I,12 lx,,,,,
0LuFMlas932Oj8jqSvsCxM,5FL,事務室,システム天井 照明,1627,3l7Pw604PCXxs4LT4Axn9I,12 lx,,,,,
0LuFMlas932Oj8jqSvsCwZ,6FL,事務室,システム天井 照明,1628,3l7Pw604PCXxs4LT4Axn9I,12 lx,,,,,
0LuFMlas932Oj8jqSvsCwi,6FL,事務室,システム天井 照明,1629,3l7Pw604PCXxs4LT4Axn9I,12 lx,,,,,
0LuFMlas932Oj8jqSvsCwj,6FL,事務室,システム天井 照明,1630,3l7Pw604PCXxs4LT4Axn9I,12 lx,,,,,
0LuFMlas932Oj8jqSvsCwk,6FL,事務室,システム天井 照明,1631,3l7Pw604PCXxs4LT4Axn9I,12 lx,,,,,
0LuFMlas932Oj8jqSvsCwl,6FL,事務室,システム天井 照明,1632,3l7Pw604PCXxs4LT4Axn9I,12 lx,,,,,
0LuFMlas932Oj8jqSvsCwe,6FL,事務室,システム天井 照明,1633,3l7Pw604PCXxs4LT4Axn9I,12 lx,,,,,
0LuFMlas932Oj8jqSvsCwf,6FL,事務室,システム天井 照明,1634,3l7Pw604PCXxs4LT4Axn9I,12 lx,,,,,
0LuFMlas932Oj8jqSvsCwg,6FL,事務室,システム天井 照明,1635,3l7Pw604PCXxs4LT4Axn9I,12 lx,,,,,
0LuFMlas932Oj8jqSvsCwh,6FL,事務室,システム天井 照明,1636,3l7Pw604PCXxs4LT4Axn9I,12 lx,,,,,
0LuFMlas932Oj8jqSvsCzK,6FL,事務室,システム天井 照明,1637,3l7Pw604PCXxs4LT4Axn9I,12 lx,,,,,
0LuFMlas932Oj8jqSvsCzL,6FL,事務室,システム天井 照明,1638,3l7Pw604PCXxs4LT4Axn9I,12 lx,,,,,
0LuFMlas932Oj8jqSvsCzM,6FL,事務室,システム天井 照明,1639,3l7Pw604PCXxs4LT4Axn9I,12 lx,,,,,
0LuFMlas932Oj8jqSvsCzN,6FL,事務室,システム天井 照明,1640,3l7Pw604PCXxs4LT4Axn9I,12 lx,,,,,
0LuFMlas932Oj8jqSvsCzG,6FL,事務室,システム天井 照明,1641,3l7Pw604PCXxs4LT4Axn9I,12 lx,,,,,
0LuFMlas932Oj8jqSvsCzH,6FL,事務室,システム天井 照明,1642,3l7Pw604PCXxs4LT4Axn9I,12 lx,,,,,
0LuFMlas932Oj8jqSvsCzI,6FL,事務室,システム天井 照明,1643,3l7Pw604PCXxs4LT4Axn9I,12 lx,,,,,
0LuFMlas932Oj8jqSvsCzJ,6FL,事務室,システム天井 照明,1644,3l7Pw604PCXxs4LT4Axn9I,12 lx,,,,,
0LuFMlas932Oj8jqSvsCzS,6FL,事務室,システム天井 照明,1645,3l7Pw604PCXxs4LT4Axn9I,12 lx,,,,,
0LuFMlas932Oj8jqSvsCzT,6FL,事務室,システム天井 照明,1646,3l7Pw604PCXxs4LT4Axn9I,12 lx,,,,,
0LuFMlas932Oj8jqSvsCzU,6FL,事務室,システム天井 照明,1647,3l7Pw604PCXxs4LT4Axn9I,12 lx,,,,,
0LuFMlas932Oj8jqSvsCzV,6FL,事務室,システム天井 照明,1648,3l7Pw604PCXxs4LT4Axn9I,12 lx,,,,,
0LuFMlas932Oj8jqSvsCzO,6FL,事務室,システム天井 照明,1649,3l7Pw604PCXxs4LT4Axn9I,12 lx,,,,,
0LuFMlas932Oj8jqSvsCzP,6FL,事務室,システム天井 照明,1650,3l7Pw604PCXxs4LT4Axn9I,12 lx,,,,,
0LuFMlas932Oj8jqSvsCzQ,6FL,事務室,システム天井 照明,1651,3l7Pw604PCXxs4LT4Axn9I,12 lx,,,,,
0LuFMlas932Oj8jqSvsCzR,6FL,事務室,システム天井 照明,1652,3l7Pw604PCXxs4LT4Axn9I,12 lx,,,,,
0LuFMlas932Oj8jqSvsCz4,6FL,事務室,システム天井 照明,1653,3l7Pw604PCXxs4LT4Axn9I,12 lx,,,,,
0LuFMlas932Oj8jqSvsCz5,6FL,事務室,システム天井 照明,1654,3l7Pw604PCXxs4LT4Axn9I,12 lx,,,,,
0LuFMlas932Oj8jqSvsCz6,6FL,事務室,システム天井 照明,1655,3l7Pw604PCXxs4LT4Axn9I,12 lx,,,,,
0LuFMlas932Oj8jqSvsCz7,6FL,事務室,システム天井 照明,1656,3l7Pw604PCXxs4LT4Axn9I,12 lx,,,,,
0LuFMlas932Oj8jqSvsCz0,6FL,事務室,システム天井 照明,1657,3l7Pw604PCXxs4LT4Axn9I,12 lx,,,,,
0LuFMlas932Oj8jqSvsCz1,6FL,事務室,システム天井 照明,1658,3l7Pw604PCXxs4LT4Axn9I,12 lx,,,,,
0LuFMlas932Oj8jqSvsCz2,6FL,事務室,システム天井 照明,1659,3l7Pw604PCXxs4LT4Axn9I,12 lx,,,,,
0LuFMlas932Oj8jqSvsCz3,6FL,事務室,システム天井 照明,1660,3l7Pw604PCXxs4LT4Axn9I,12 lx,,,,,
0LuFMlas932Oj8jqSvsCzC,6FL,事務室,システム天井 照明,1661,3l7Pw604PCXxs4LT4Axn9I,12 lx,,,,,
0LuFMlas932Oj8jqSvsCzD,6FL,事務室,システム天井 照明,1662,3l7Pw604PCXxs4LT4Axn9I,12 lx,,,,,
0LuFMlas932Oj8jqSvsCzE,6FL,事務室,システム天井 照明,1663,3l7Pw604PCXxs4LT4Axn9I,12 lx,,,,,
0LuFMlas932Oj8jqSvsCzF,6FL,事務室,システム天井 照明,1664,3l7Pw604PCXxs4LT4Axn9I,12 lx,,,,,
0LuFMlas932Oj8jqSvsCz8,6FL,事務室,システム天井 照明,1665,3l7Pw604PCXxs4LT4Axn9I,12 lx,,,,,
0LuFMlas932Oj8jqSvsCz9,6FL,事務室,システム天井 照明,1666,3l7Pw604PCXxs4LT4Axn9I,12 lx,,,,,
0LuFMlas932Oj8jqSvsCzA,6FL,事務室,システム天井 照明,1667,3l7Pw604PCXxs4LT4Axn9I,12 lx,,,,,
0LuFMlas932Oj8jqSvsCzB,6FL,事務室,システム天井 照明,1668,3l7Pw604PCXxs4LT4Axn9I,12 lx,,,,,
0LuFMlas932Oj8jqSvsCzq,6FL,事務室,システム天井 照明,1669,3l7Pw604PCXxs4LT4Axn9I,12 lx,,,,,
0LuFMlas932Oj8jqSvsCzr,6FL,事務室,システム天井 照明,1670,3l7Pw604PCXxs4LT4Axn9I,12 lx,,,,,
0LuFMlas932Oj8jqSvsCzs,6FL,事務室,システム天井 照明,1671,3l7Pw604PCXxs4LT4Axn9I,12 lx,,,,,
0LuFMlas932Oj8jqSvsCzt,6FL,事務室,システム天井 照明,1672,3l7Pw604PCXxs4LT4Axn9I,12 lx,,,,,
0LuFMlas932Oj8jqSvsCzm,6FL,事務室,システム天井 照明,1673,3l7Pw604PCXxs4LT4Axn9I,12 lx,,,,,
0LuFMlas932Oj8jqSvsCzn,6FL,事務室,システム天井 照明,1674,3l7Pw604PCXxs4LT4Axn9I,12 lx,,,,,
0LuFMlas932Oj8jqSvsCzo,6FL,事務室,システム天井 照明,1675,3l7Pw604PCXxs4LT4Axn9I,12 lx,,,,,
0LuFMlas932Oj8jqSvsCzp,6FL,事務室,システム天井 照明,1676,3l7Pw604PCXxs4LT4Axn9I,12 lx,,,,,
0LuFMlas932Oj8jqSvsCzy,6FL,事務室,システム天井 照明,1677,3l7Pw604PCXxs4LT4Axn9I,12 lx,,,,,
0LuFMlas932Oj8jqSvsCzz,6FL,事務室,システム天井 照明,1678,3l7Pw604PCXxs4LT4Axn9I,12 lx,,,,,
0LuFMlas932Oj8jqSvsCz_,6FL,事務室,システム天井 照明,1679,3l7Pw604PCXxs4LT4Axn9I,12 lx,,,,,
0LuFMlas932Oj8jqSvsCz$,6FL,事務室,システム天井 照明,1680,3l7Pw604PCXxs4LT4Axn9I,12 lx,,,,,
0LuFMlas932Oj8jqSvsCzu,6FL,事務室,システム天井 照明,1681,3l7Pw604PCXxs4LT4Axn9I,12 lx,,,,,
0LuFMlas932Oj8jqSvsCzv,6FL,事務室,システム天井 照明,1682,3l7Pw604PCXxs4LT4Axn9I,12 lx,,,,,
0LuFMlas932Oj8jqSvsCzw,6FL,事務室,システム天井 照明,1683,3l7Pw604PCXxs4LT4Axn9I,12 lx,,,,,
0LuFMlas932Oj8jqSvsCzx,6FL,事務室,システム天井 照明,1684,3l7Pw604PCXxs4LT4Axn9I,12 lx,,,,,
0LuFMlas932Oj8jqSvsCza,6FL,事務室,システム天井 照明,1685,3l7Pw604PCXxs4LT4Axn9I,12 lx,,,,,
0LuFMlas932Oj8jqSvsCzb,6FL,事務室,システム天井 照明,1686,3l7Pw604PCXxs4LT4Axn9I,12 lx,,,,,
0LuFMlas932Oj8jqSvsCzc,6FL,事務室,システム天井 照明,1687,3l7Pw604PCXxs4LT4Axn9I,12 lx,,,,,
0LuFMlas932Oj8jqSvsCzd,6FL,事務室,システム天井 照明,1688,3l7Pw604PCXxs4LT4Axn9I,12 lx,,,,,
0LuFMlas932Oj8jqSvsCzW,6FL,事務室,システム天井 照明,1689,3l7Pw604PCXxs4LT4Axn9I,12 lx,,,,,
0LuFMlas932Oj8jqSvsCzX,6FL,事務室,システム天井 照明,1690,3l7Pw604PCXxs4LT4Axn9I,12 lx,,,,,
0LuFMlas932Oj8jqSvsCzY,6FL,事務室,システム天井 照明,1691,3l7Pw604PCXxs4LT4Axn9I,12 lx,,,,,
0LuFMlas932Oj8jqSvsCzZ,6FL,事務室,システム天井 照明,1692,3l7Pw604PCXxs4LT4Axn9I,12 lx,,,,,
0LuFMlas932Oj8jqSvsCzi,6FL,事務室,システム天井 照明,1693,3l7Pw604PCXxs4LT4Axn9I,12 lx,,,,,
0LuFMlas932Oj8jqSvsCzj,6FL,事務室,システム天井 照明,1694,3l7Pw604PCXxs4LT4Axn9I,12 lx,,,,,
0LuFMlas932Oj8jqSvsCzk,6FL,事務室,システム天井 照明,1695,3l7Pw604PCXxs4LT4Axn9I,12 lx,,,,,
0LuFMlas932Oj8jqSvsCzl,6FL,事務室,システム天井 照明,1696,3l7Pw604PCXxs4LT4Axn9I,12 lx,,,,,
0LuFMlas932Oj8jqSvsCze,6FL,事務室,システム天井 照明,1697,3l7Pw604PCXxs4LT4Axn9I,12 lx,,,,,
0LuFMlas932Oj8jqSvsCzf,6FL,事務室,システム天井 照明,1698,3l7Pw604PCXxs4LT4Axn9I,12 lx,,,,,
0LuFMlas932Oj8jqSvsCzg,6FL,事務室,システム天井 照明,1699,3l7Pw604PCXxs4LT4Axn9I,12 lx,,,,,
0LuFMlas932Oj8jqSvsCzh,6FL,事務室,システム天井 照明,1700,3l7Pw604PCXxs4LT4Axn9I,12 lx,,,,,
0LuFMlas932Oj8jqSvsCyK,6FL,事務室,システム天井 照明,1701,3l7Pw604PCXxs4LT4Axn9I,12 lx,,,,,
0LuFMlas932Oj8jqSvsCyL,6FL,事務室,システム天井 照明,1702,3l7Pw604PCXxs4LT4Axn9I,12 lx,,,,,
0LuFMlas932Oj8jqSvsCyM,6FL,事務室,システム天井 照明,1703,3l7Pw604PCXxs4LT4Axn9I,12 lx,,,,,
0LuFMlas932Oj8jqSvsCyN,6FL,事務室,システム天井 照明,1704,3l7Pw604PCXxs4LT4Axn9I,12 lx,,,,,
0LuFMlas932Oj8jqSvsCyG,6FL,事務室,システム天井 照明,1705,3l7Pw604PCXxs4LT4Axn9I,12 lx,,,,,
0LuFMlas932Oj8jqSvsCyH,6FL,事務室,システム天井 照明,1706,3l7Pw604PCXxs4LT4Axn9I,12 lx,,,,,
0LuFMlas932Oj8jqSvsCyI,6FL,事務室,システム天井 照明,1707,3l7Pw604PCXxs4LT4Axn9I,12 lx,,,,,
0LuFMlas932Oj8jqSvsCyJ,6FL,事務室,システム天井 照明,1708,3l7Pw604PCXxs4LT4Axn9I,12 lx,,,,,
0LuFMlas932Oj8jqSvsCyS,6FL,事務室,システム天井 照明,1709,3l7Pw604PCXxs4LT4Axn9I,12 lx,,,,,
0LuFMlas932Oj8jqSvsCyT,6FL,事務室,システム天井 照明,1710,3l7Pw604PCXxs4LT4Axn9I,12 lx,,,,,
0LuFMlas932Oj8jqSvsCyU,6FL,事務室,システム天井 照明,1711,3l7Pw604PCXxs4LT4Axn9I,12 lx,,,,,
0LuFMlas932Oj8jqSvsC$h,7FL,事務室,システム天井 照明,1712,3l7Pw604PCXxs4LT4Axn9I,12 lx,,,,,
0LuFMlas932Oj8jqSvsC_K,7FL,事務室,システム天井 照明,1713,3l7Pw604PCXxs4LT4Axn9I,12 lx,,,,,
0LuFMlas932Oj8jqSvsC_L,7FL,事務室,システム天井 照明,1714,3l7Pw604PCXxs4LT4Axn9I,12 lx,,,,,
0LuFMlas932Oj8jqSvsC_M,7FL,事務室,システム天井 照明,1715,3l7Pw604PCXxs4LT4Axn9I,12 lx,,,,,
0LuFMlas932Oj8jqSvsC_N,7FL,事務室,システム天井 照明,1716,3l7Pw604PCXxs4LT4Axn9I,12 lx,,,,,
0LuFMlas932Oj8jqSvsC_G,7FL,事務室,システム天井 照明,1717,3l7Pw604PCXxs4LT4Axn9I,12 lx,,,,,
0LuFMlas932Oj8jqSvsC_H,7FL,事務室,システム天井 照明,1718,3l7Pw604PCXxs4LT4Axn9I,12 lx,,,,,
0LuFMlas932Oj8jqSvsC_I,7FL,事務室,システム天井 照明,1719,3l7Pw604PCXxs4LT4Axn9I,12 lx,,,,,
0LuFMlas932Oj8jqSvsC_J,7FL,事務室,システム天井 照明,1720,3l7Pw604PCXxs4LT4Axn9I,12 lx,,,,,
0LuFMlas932Oj8jqSvsC_S,7FL,事務室,システム天井 照明,1721,3l7Pw604PCXxs4LT4Axn9I,12 lx,,,,,
0LuFMlas932Oj8jqSvsC_T,7FL,事務室,システム天井 照明,1722,3l7Pw604PCXxs4LT4Axn9I,12 lx,,,,,
0LuFMlas932Oj8jqSvsC_U,7FL,事務室,システム天井 照明,1723,3l7Pw604PCXxs4LT4Axn9I,12 lx,,,,,
0LuFMlas932Oj8jqSvsC_V,7FL,事務室,システム天井 照明,1724,3l7Pw604PCXxs4LT4Axn9I,12 lx,,,,,
0LuFMlas932Oj8jqSvsC_O,7FL,事務室,システム天井 照明,1725,3l7Pw604PCXxs4LT4Axn9I,12 lx,,,,,
0LuFMlas932Oj8jqSvsC_P,7FL,事務室,システム天井 照明,1726,3l7Pw604PCXxs4LT4Axn9I,12 lx,,,,,
0LuFMlas932Oj8jqSvsC_Q,7FL,事務室,システム天井 照明,1727,3l7Pw604PCXxs4LT4Axn9I,12 lx,,,,,
0LuFMlas932Oj8jqSvsC_R,7FL,事務室,システム天井 照明,1728,3l7Pw604PCXxs4LT4Axn9I,12 lx,,,,,
0LuFMlas932Oj8jqSvsC_4,7FL,事務室,システム天井 照明,1729,3l7Pw604PCXxs4LT4Axn9I,12 lx,,,,,
0LuFMlas932Oj8jqSvsC_5,7FL,事務室,システム天井 照明,1730,3l7Pw604PCXxs4LT4Axn9I,12 lx,,,,,
0LuFMlas932Oj8jqSvsC_6,7FL,事務室,システム天井 照明,1731,3l7Pw604PCXxs4LT4Axn9I,12 lx,,,,,
0LuFMlas932Oj8jqSvsC_7,7FL,事務室,システム天井 照明,1732,3l7Pw604PCXxs4LT4Axn9I,12 lx,,,,,
0LuFMlas932Oj8jqSvsC_0,7FL,事務室,システム天井 照明,1733,3l7Pw604PCXxs4LT4Axn9I,12 lx,,,,,
0LuFMlas932Oj8jqSvsC_1,7FL,事務室,システム天井 照明,1734,3l7Pw604PCXxs4LT4Axn9I,12 lx,,,,,
0LuFMlas932Oj8jqSvsC_2,7FL,事務室,システム天井 照明,1735,3l7Pw604PCXxs4LT4Axn9I,12 lx,,,,,
0LuFMlas932Oj8jqSvsC_3,7FL,事務室,システム天井 照明,1736,3l7Pw604PCXxs4LT4Axn9I,12 lx,,,,,
0LuFMlas932Oj8jqSvsC_C,7FL,事務室,システム天井 照明,1737,3l7Pw604PCXxs4LT4Axn9I,12 lx,,,,,
0LuFMlas932Oj8jqSvsC_D,7FL,事務室,システム天井 照明,1738,3l7Pw604PCXxs4LT4Axn9I,12 lx,,,,,
0LuFMlas932Oj8jqSvsC_E,7FL,事務室,システム天井 照明,1739,3l7Pw604PCXxs4LT4Axn9I,12 lx,,,,,
0LuFMlas932Oj8jqSvsC_F,7FL,事務室,システム天井 照明,1740,3l7Pw604PCXxs4LT4Axn9I,12 lx,,,,,
0LuFMlas932Oj8jqSvsC_8,7FL,事務室,システム天井 照明,1741,3l7Pw604PCXxs4LT4Axn9I,12 lx,,,,,
0LuFMlas932Oj8jqSvsC_9,7FL,事務室,システム天井 照明,1742,3l7Pw604PCXxs4LT4Axn9I,12 lx,,,,,
0LuFMlas932Oj8jqSvsC_A,7FL,事務室,システム天井 照明,1743,3l7Pw604PCXxs4LT4Axn9I,12 lx,,,,,
0LuFMlas932Oj8jqSvsC_B,7FL,事務室,システム天井 照明,1744,3l7Pw604PCXxs4LT4Axn9I,12 lx,,,,,
0LuFMlas932Oj8jqSvsC_q,7FL,事務室,システム天井 照明,1745,3l7Pw604PCXxs4LT4Axn9I,12 lx,,,,,
0LuFMlas932Oj8jqSvsC_r,7FL,事務室,システム天井 照明,1746,3l7Pw604PCXxs4LT4Axn9I,12 lx,,,,,
0LuFMlas932Oj8jqSvsC_s,7FL,事務室,システム天井 照明,1747,3l7Pw604PCXxs4LT4Axn9I,12 lx,,,,,
0LuFMlas932Oj8jqSvsC_t,7FL,事務室,システム天井 照明,1748,3l7Pw604PCXxs4LT4Axn9I,12 lx,,,,,
0LuFMlas932Oj8jqSvsC_m,7FL,事務室,システム天井 照明,1749,3l7Pw604PCXxs4LT4Axn9I,12 lx,,,,,
0LuFMlas932Oj8jqSvsC_n,7FL,事務室,システム天井 照明,1750,3l7Pw604PCXxs4LT4Axn9I,12 lx,,,,,
0LuFMlas932Oj8jqSvsC_o,7FL,事務室,システム天井 照明,1751,3l7Pw604PCXxs4LT4Axn9I,12 lx,,,,,
0LuFMlas932Oj8jqSvsC_p,7FL,事務室,システム天井 照明,1752,3l7Pw604PCXxs4LT4Axn9I,12 lx,,,,,
0LuFMlas932Oj8jqSvsC_y,7FL,事務室,システム天井 照明,1753,3l7Pw604PCXxs4LT4Axn9I,12 lx,,,,,
0LuFMlas932Oj8jqSvsC_z,7FL,事務室,システム天井 照明,1754,3l7Pw604PCXxs4LT4Axn9I,12 lx,,,,,
0LuFMlas932Oj8jqSvsC__,7FL,事務室,システム天井 照明,1755,3l7Pw604PCXxs4LT4Axn9I,12 lx,,,,,
0LuFMlas932Oj8jqSvsC_$,7FL,事務室,システム天井 照明,1756,3l7Pw604PCXxs4LT4Axn9I,12 lx,,,,,
0LuFMlas932Oj8jqSvsC_u,7FL,事務室,システム天井 照明,1757,3l7Pw604PCXxs4LT4Axn9I,12 lx,,,,,
0LuFMlas932Oj8jqSvsC_v,7FL,事務室,システム天井 照明,1758,3l7Pw604PCXxs4LT4Axn9I,12 lx,,,,,
0LuFMlas932Oj8jqSvsC_w,7FL,事務室,システム天井 照明,1759,3l7Pw604PCXxs4LT4Axn9I,12 lx,,,,,
0LuFMlas932Oj8jqSvsC_x,7FL,事務室,システム天井 照明,1760,3l7Pw604PCXxs4LT4Axn9I,12 lx,,,,,
0LuFMlas932Oj8jqSvsC_a,7FL,事務室,システム天井 照明,1761,3l7Pw604PCXxs4LT4Axn9I,12 lx,,,,,
0LuFMlas932Oj8jqSvsC_b,7FL,事務室,システム天井 照明,1762,3l7Pw604PCXxs4LT4Axn9I,12 lx,,,,,
0LuFMlas932Oj8jqSvsC_c,7FL,事務室,システム天井 照明,1763,3l7Pw604PCXxs4LT4Axn9I,12 lx,,,,,
0LuFMlas932Oj8jqSvsC_d,7FL,事務室,システム天井 照明,1764,3l7Pw604PCXxs4LT4Axn9I,12 lx,,,,,
0LuFMlas932Oj8jqSvsC_W,7FL,事務室,システム天井 照明,1765,3l7Pw604PCXxs4LT4Axn9I,12 lx,,,,,
0LuFMlas932Oj8jqSvsC_X,7FL,事務室,システム天井 照明,1766,3l7Pw604PCXxs4LT4Axn9I,12 lx,,,,,
0LuFMlas932Oj8jqSvsC_Y,7FL,事務室,システム天井 照明,1767,3l7Pw604PCXxs4LT4Axn9I,12 lx,,,,,
0LuFMlas932Oj8jqSvsC_Z,7FL,事務室,システム天井 照明,1768,3l7Pw604PCXxs4LT4Axn9I,12 lx,,,,,
0LuFMlas932Oj8jqSvsC_i,7FL,事務室,システム天井 照明,1769,3l7Pw604PCXxs4LT4Axn9I,12 lx,,,,,
0LuFMlas932Oj8jqSvsC_j,7FL,事務室,システム天井 照明,1770,3l7Pw604PCXxs4LT4Axn9I,12 lx,,,,,
0LuFMlas932Oj8jqSvsC_k,7FL,事務室,システム天井 照明,1771,3l7Pw604PCXxs4LT4Axn9I,12 lx,,,,,
0LuFMlas932Oj8jqSvsC_l,7FL,事務室,システム天井 照明,1772,3l7Pw604PCXxs4LT4Axn9I,12 lx,,,,,
0LuFMlas932Oj8jqSvsC_e,7FL,事務室,システム天井 照明,1773,3l7Pw604PCXxs4LT4Axn9I,12 lx,,,,,
0LuFMlas932Oj8jqSvsC_f,7FL,事務室,システム天井 照明,1774,3l7Pw604PCXxs4LT4Axn9I,12 lx,,,,,
0LuFMlas932Oj8jqSvsC_g,7FL,事務室,システム天井 照明,1775,3l7Pw604PCXxs4LT4Axn9I,12 lx,,,,,
0LuFMlas932Oj8jqSvsC_h,7FL,事務室,システム天井 照明,1776,3l7Pw604PCXxs4LT4Axn9I,12 lx,,,,,
0LuFMlas932Oj8jqSvsCnK,7FL,事務室,システム天井 照明,1777,3l7Pw604PCXxs4LT4Axn9I,12 lx,,,,,
0LuFMlas932Oj8jqSvsCnL,7FL,事務室,システム天井 照明,1778,3l7Pw604PCXxs4LT4Axn9I,12 lx,,,,,
0LuFMlas932Oj8jqSvsCnM,7FL,事務室,システム天井 照明,1779,3l7Pw604PCXxs4LT4Axn9I,12 lx,,,,,
0LuFMlas932Oj8jqSvsCnN,7FL,事務室,システム天井 照明,1780,3l7Pw604PCXxs4LT4Axn9I,12 lx,,,,,
0LuFMlas932Oj8jqSvsCnG,7FL,事務室,システム天井 照明,1781,3l7Pw604PCXxs4LT4Axn9I,12 lx,,,,,
0LuFMlas932Oj8jqSvsCnH,7FL,事務室,システム天井 照明,1782,3l7Pw604PCXxs4LT4Axn9I,12 lx,,,,,
0LuFMlas932Oj8jqSvsCnI,7FL,事務室,システム天井 照明,1783,3l7Pw604PCXxs4LT4Axn9I,12 lx,,,,,
0LuFMlas932Oj8jqSvsCnJ,7FL,事務室,システム天井 照明,1784,3l7Pw604PCXxs4LT4Axn9I,12 lx,,,,,
0LuFMlas932Oj8jqSvsCnS,7FL,事務室,システム天井 照明,1785,3l7Pw604PCXxs4LT4Axn9I,12 lx,,,,,
0LuFMlas932Oj8jqSvsCnT,7FL,事務室,システム天井 照明,1786,3l7Pw604PCXxs4LT4Axn9I,12 lx,,,,,
0LuFMlas932Oj8jqSvsCnU,7FL,事務室,システム天井 照明,1787,3l7Pw604PCXxs4LT4Axn9I,12 lx,,,,,
0LuFMlas932Oj8jqSvsCnV,7FL,事務室,システム天井 照明,1788,3l7Pw604PCXxs4LT4Axn9I,12 lx,,,,,
0LuFMlas932Oj8jqSvsCnO,7FL,事務室,システム天井 照明,1789,3l7Pw604PCXxs4LT4Axn9I,12 lx,,,,,
0LuFMlas932Oj8jqSvsCnP,7FL,事務室,システム天井 照明,1790,3l7Pw604PCXxs4LT4Axn9I,12 lx,,,,,
0LuFMlas932Oj8jqSvsCnQ,7FL,事務室,システム天井 照明,1791,3l7Pw604PCXxs4LT4Axn9I,12 lx,,,,,
0LuFMlas932Oj8jqSvsCnR,7FL,事務室,システム天井 照明,1792,3l7Pw604PCXxs4LT4Axn9I,12 lx,,,,,
0LuFMlas932Oj8jqSvsCn4,7FL,事務室,システム天井 照明,1793,3l7Pw604PCXxs4LT4Axn9I,12 lx,,,,,
0LuFMlas932Oj8jqSvsCn5,7FL,事務室,システム天井 照明,1794,3l7Pw604PCXxs4LT4Axn9I,12 lx,,,,,
0LuFMlas932Oj8jqSvsCn6,7FL,事務室,システム天井 照明,1795,3l7Pw604PCXxs4LT4Axn9I,12 lx,,,,,
3kRJAGJ9b2fQG8K9TIFr7w,,ELVホール,E 一般照明 LED ダウンライト,1811,3kRJAGJ9b2fQG8K9TIFr5B,47 lx,,,,,
3kRJAGJ9b2fQG8K9TIFr7x,,ELVホール,E 一般照明 LED ダウンライト,1812,3kRJAGJ9b2fQG8K9TIFr5B,47 lx,,,,,
3kRJAGJ9b2fQG8K9TIFr44,,ELVホール,E 一般照明 LED ダウンライト,1813,3kRJAGJ9b2fQG8K9TIFr5B,47 lx,,,,,
3kRJAGJ9b2fQG8K9TIFr45,,ELVホール,E 一般照明 LED ダウンライト,1814,3kRJAGJ9b2fQG8K9TIFr5B,47 lx,,,,,
3kRJAGJ9b2fQG8K9TIFr46,,ELVホール,E 一般照明 LED ダウンライト,1815,3kRJAGJ9b2fQG8K9TIFr5B,47 lx,,,,,
3kRJAGJ9b2fQG8K9TIFr47,,ELVホール,E 一般照明 LED ダウンライト,1816,3kRJAGJ9b2fQG8K9TIFr5B,47 lx,,,,,
3kRJAGJ9b2fQG8K9TIFr40,,WC女,E 一般照明 LED ダウンライト,1817,3kRJAGJ9b2fQG8K9TIFr5B,47 lx,,,,,
3kRJAGJ9b2fQG8K9TIFr42,,WC女,E 一般照明 LED ダウンライト,1818,3kRJAGJ9b2fQG8K9TIFr5B,47 lx,,,,,
3kRJAGJ9b2fQG8K9TIFr43,,WC女,E 一般照明 LED ダウンライト,1819,3kRJAGJ9b2fQG8K9TIFr5B,47 lx,,,,,
3kRJAGJ9b2fQG8K9TIFr4C,,給湯室,E 一般照明 LED ダウンライト,1820,3kRJAGJ9b2fQG8K9TIFr5B,47 lx,,,,,
3kRJAGJ9b2fQG8K9TIFr4D,,WC女,E 一般照明 LED ダウンライト,1821,3kRJAGJ9b2fQG8K9TIFr5B,47 lx,,,,,
3kRJAGJ9b2fQG8K9TIFr4E,,給湯室,E 一般照明 LED ダウンライト,1822,3kRJAGJ9b2fQG8K9TIFr5B,47 lx,,,,,
3kRJAGJ9b2fQG8K9TIFr4F,,WC男,E 一般照明 LED ダウンライト,1823,3kRJAGJ9b2fQG8K9TIFr5B,47 lx,,,,,
3kRJAGJ9b2fQG8K9TIFr48,,WC男,E 一般照明 LED ダウンライト,1824,3kRJAGJ9b2fQG8K9TIFr5B,47 lx,,,,,
3kRJAGJ9b2fQG8K9TIFr49,,WC男,E 一般照明 LED ダウンライト,1825,3kRJAGJ9b2fQG8K9TIFr5B,47 lx,,,,,
3kRJAGJ9b2fQG8K9TIFr4A,,WC男,E 一般照明 LED ダウンライト,1826,3kRJAGJ9b2fQG8K9TIFr5B,47 lx,,,,,
3kRJAGJ9b2fQG8K9TIFr4B,,WC男,E 一般照明 LED ダウンライト,1827,3kRJAGJ9b2fQG8K9TIFr5B,47 lx,,,,,
3kRJAGJ9b2fQG8K9TIFr4K,,WC女,E 一般照明 LED ダウンライト,1828,3kRJAGJ9b2fQG8K9TIFr5B,47 lx,,,,,
3kRJAGJ9b2fQG8K9TIFr4L,,WC女,E 一般照明 LED ダウンライト,1829,3kRJAGJ9b2fQG8K9TIFr5B,47 lx,,,,,
3kRJAGJ9b2fQG8K9TIFr4M,,WC女,E 一般照明 LED ダウンライト,1830,3kRJAGJ9b2fQG8K9TIFr5B,47 lx,,,,,
3kRJAGJ9b2fQG8K9TIFr4N,,給湯室,E 一般照明 LED ダウンライト,1831,3kRJAGJ9b2fQG8K9TIFr5B,47 lx,,,,,
3kRJAGJ9b2fQG8K9TIFAyA,2FL,階段室,E 非常照明 LED 蛍光灯 壁付,1832,3kRJAGJ9b2fQG8K9TIFAzL,,,,,,
3kRJAGJ9b2fQG8K9TIFByt,2FL,階段室,E 非常照明 LED 蛍光灯 壁付,1839,3kRJAGJ9b2fQG8K9TIFAzL,,,,,,
1uZhMWPbb3YB$ENENMTnjn,,ELVホール,E 一般照明 LED ユニバーサルダウンライト,1840,1uZhMWPbb3YB$ENENMTnJW,497 lx,,,,,
1uZhMWPbb3YB$ENENMTnjm,,ELVホール,E 一般照明 LED ユニバーサルダウンライト,1841,1uZhMWPbb3YB$ENENMTnJW,497 lx,,,,,
1uZhMWPbb3YB$ENENMTnj$,,ELVホール,E 一般照明 LED ユニバーサルダウンライト,1842,1uZhMWPbb3YB$ENENMTnJW,497 lx,,,,,
1uZhMWPbb3YB$ENENMTnj_,,ELVホール,E 一般照明 LED ユニバーサルダウンライト,1843,1uZhMWPbb3YB$ENENMTnJW,497 lx,,,,,
1uZhMWPbb3YB$ENENMTozu,,廊下,E 非常照明 白熱灯,1844,1uZhMWPbb3YB$ENENMToYv,47 lx,,,,,
1uZhMWPbb3YB$ENENMToz7,,廊下,E 非常照明 白熱灯,1845,1uZhMWPbb3YB$ENENMToYv,47 lx,,,,,
1uZhMWPbb3YB$ENENMToz6,,廊下,E 非常照明 白熱灯,1846,1uZhMWPbb3YB$ENENMToYv,47 lx,,,,,
1uZhMWPbb3YB$ENENMToz5,,ELVホール,E 非常照明 白熱灯,1847,1uZhMWPbb3YB$ENENMToYv,47 lx,,,,,
1uZhMWPbb3YB$ENENMToLv,2FL,廊下,E 非常照明 避難口誘導灯,1848,1uZhMWPbb3YB$ENENMToQq,,,,,,
1uZhMWPbb3YB$ENENMToLu,2FL,廊下,E 非常照明 避難口誘導灯,1849,1uZhMWPbb3YB$ENENMToQq,,,,,,
1uZhMWPbb3YB$ENENMToDo,,廊下,E 一般照明 LED ダウンライト,1852,3kRJAGJ9b2fQG8K9TIFr5B,47 lx,,,,,
1uZhMWPbb3YB$ENENMToDn,,廊下,E 一般照明 LED ダウンライト,1853,3kRJAGJ9b2fQG8K9TIFr5B,47 lx,,,,,
1uZhMWPbb3YB$ENENMToDm,,廊下,E 一般照明 LED ダウンライト,1854,3kRJAGJ9b2fQG8K9TIFr5B,47 lx,,,,,
1uZhMWPbb3YB$ENENMToD$,,廊下,E 一般照明 LED ダウンライト,1855,3kRJAGJ9b2fQG8K9TIFr5B,47 lx,,,,,
1uZhMWPbb3YB$ENENMToD_,,廊下,E 一般照明 LED ダウンライト,1856,3kRJAGJ9b2fQG8K9TIFr5B,47 lx,,,,,
1uZhMWPbb3YB$ENENMToDz,,廊下,E 一般照明 LED ダウンライト,1857,3kRJAGJ9b2fQG8K9TIFr5B,47 lx,,,,,
1uZhMWPbb3YB$ENENMToDy,,廊下,E 一般照明 LED ダウンライト,1858,3kRJAGJ9b2fQG8K9TIFr5B,47 lx,,,,,
1uZhMWPbb3YB$ENENMToDx,,廊下,E 一般照明 LED ダウンライト,1859,3kRJAGJ9b2fQG8K9TIFr5B,47 lx,,,,,
1uZhMWPbb3YB$ENENMToDw,,廊下,E 一般照明 LED ダウンライト,1860,3kRJAGJ9b2fQG8K9TIFr5B,47 lx,,,,,
1uZhMWPbb3YB$ENENMToDv,,廊下,E 一般照明 LED ダウンライト,1861,3kRJAGJ9b2fQG8K9TIFr5B,47 lx,,,,,
1uZhMWPbb3YB$ENENMToDu,,廊下,E 一般照明 LED ダウンライト,1862,3kRJAGJ9b2fQG8K9TIFr5B,47 lx,,,,,
1uZhMWPbb3YB$ENENMToD7,,廊下,E 一般照明 LED ダウンライト,1863,3kRJAGJ9b2fQG8K9TIFr5B,47 lx,,,,,
1uZhMWPbb3YB$ENENMToD6,,廊下,E 一般照明 LED ダウンライト,1864,3kRJAGJ9b2fQG8K9TIFr5B,47 lx,,,,,
1uZhMWPbb3YB$ENENMToD5,,廊下,E 一般照明 LED ダウンライト,1865,3kRJAGJ9b2fQG8K9TIFr5B,47 lx,,,,,
1uZhMWPbb3YB$ENENMToD4,,廊下,E 一般照明 LED ダウンライト,1866,3kRJAGJ9b2fQG8K9TIFr5B,47 lx,,,,,
3gsylVPln7f9fGGN09FZmp,,WC男,E 一般照明 LED ユニバーサルダウンライト,1868,1uZhMWPbb3YB$ENENMTnJW,497 lx,,,,,
3gsylVPln7f9fGGN09FZmm,,WC男,E 一般照明 LED ユニバーサルダウンライト,1869,1uZhMWPbb3YB$ENENMTnJW,497 lx,,,,,
3gsylVPln7f9fGGN09FZmn,,WC女,E 一般照明 LED ユニバーサルダウンライト,1870,1uZhMWPbb3YB$ENENMTnJW,497 lx,,,,,
3gsylVPln7f9fGGN09FZmk,,WC女,E 一般照明 LED ユニバーサルダウンライト,1871,1uZhMWPbb3YB$ENENMTnJW,497 lx,,,,,
3gsylVPln7f9fGGN09FZmA,,給湯室,E 一般照明 LEDキッチン棚下灯,677,3gsylVPln7f9fGGN09FZsT,12 lx,,,,,
3gsylVPln7f9fGGN09Fa4a,,ELVホール,E 一般照明 LED ダウンライト,1872,3kRJAGJ9b2fQG8K9TIFr5B,47 lx,,,,,
3gsylVPln7f9fGGN09Fa4b,,ELVホール,E 一般照明 LED ダウンライト,1873,3kRJAGJ9b2fQG8K9TIFr5B,47 lx,,,,,
3gsylVPln7f9fGGN09Fa4Y,,ELVホール,E 一般照明 LED ダウンライト,1874,3kRJAGJ9b2fQG8K9TIFr5B,47 lx,,,,,
3gsylVPln7f9fGGN09Fa4Z,,ELVホール,E 一般照明 LED ダウンライト,1875,3kRJAGJ9b2fQG8K9TIFr5B,47 lx,,,,,
3gsylVPln7f9fGGN09Fa4W,,ELVホール,E 一般照明 LED ダウンライト,1876,3kRJAGJ9b2fQG8K9TIFr5B,47 lx,,,,,
3gsylVPln7f9fGGN09Fa4X,,ELVホール,E 一般照明 LED ダウンライト,1877,3kRJAGJ9b2fQG8K9TIFr5B,47 lx,,,,,
3gsylVPln7f9fGGN09Fa4U,,WC女,E 一般照明 LED ダウンライト,1878,3kRJAGJ9b2fQG8K9TIFr5B,47 lx,,,,,
3gsylVPln7f9fGGN09Fa4S,,WC女,E 一般照明 LED ダウンライト,1879,3kRJAGJ9b2fQG8K9TIFr5B,47 lx,,,,,
3gsylVPln7f9fGGN09Fa4T,,WC女,E 一般照明 LED ダウンライト,1880,3kRJAGJ9b2fQG8K9TIFr5B,47 lx,,,,,
3gsylVPln7f9fGGN09Fa4Q,,給湯室,E 一般照明 LED ダウンライト,1881,3kRJAGJ9b2fQG8K9TIFr5B,47 lx,,,,,
3gsylVPln7f9fGGN09Fa4R,,WC女,E 一般照明 LED ダウンライト,1882,3kRJAGJ9b2fQG8K9TIFr5B,47 lx,,,,,
3gsylVPln7f9fGGN09Fa4O,,給湯室,E 一般照明 LED ダウンライト,1883,3kRJAGJ9b2fQG8K9TIFr5B,47 lx,,,,,
3gsylVPln7f9fGGN09Fa4P,,WC男,E 一般照明 LED ダウンライト,1884,3kRJAGJ9b2fQG8K9TIFr5B,47 lx,,,,,
3gsylVPln7f9fGGN09Fa4M,,WC男,E 一般照明 LED ダウンライト,1885,3kRJAGJ9b2fQG8K9TIFr5B,47 lx,,,,,
3gsylVPln7f9fGGN09Fa4N,,WC男,E 一般照明 LED ダウンライト,1886,3kRJAGJ9b2fQG8K9TIFr5B,47 lx,,,,,
3gsylVPln7f9fGGN09Fa4K,,WC男,E 一般照明 LED ダウンライト,1887,3kRJAGJ9b2fQG8K9TIFr5B,47 lx,,,,,
3gsylVPln7f9fGGN09Fa4L,,WC男,E 一般照明 LED ダウンライト,1888,3kRJAGJ9b2fQG8K9TIFr5B,47 lx,,,,,
3gsylVPln7f9fGGN09Fa4I,,WC女,E 一般照明 LED ダウンライト,1889,3kRJAGJ9b2fQG8K9TIFr5B,47 lx,,,,,
3gsylVPln7f9fGGN09Fa4J,,WC女,E 一般照明 LED ダウンライト,1890,3kRJAGJ9b2fQG8K9TIFr5B,47 lx,,,,,
3gsylVPln7f9fGGN09Fa4G,,WC女,E 一般照明 LED ダウンライト,1891,3kRJAGJ9b2fQG8K9TIFr5B,47 lx,,,,,
3gsylVPln7f9fGGN09Fa4H,,給湯室,E 一般照明 LED ダウンライト,1892,3kRJAGJ9b2fQG8K9TIFr5B,47 lx,,,,,
3gsylVPln7f9fGGN09Fa4E,3FL,階段室,E 非常照明 LED 蛍光灯 壁付,1893,3kRJAGJ9b2fQG8K9TIFAzL,,,,,,
3gsylVPln7f9fGGN09Fa47,3FL,階段室,E 非常照明 LED 蛍光灯 壁付,1899,3kRJAGJ9b2fQG8K9TIFAzL,,,,,,
3gsylVPln7f9fGGN09Fa45,,ELVホール,E 一般照明 LED ユニバーサルダウンライト,1900,1uZhMWPbb3YB$ENENMTnJW,497 lx,,,,,
3gsylVPln7f9fGGN09Fa42,,ELVホール,E 一般照明 LED ユニバーサルダウンライト,1901,1uZhMWPbb3YB$ENENMTnJW,497 lx,,,,,
3gsylVPln7f9fGGN09Fa43,,ELVホール,E 一般照明 LED ユニバーサルダウンライト,1902,1uZhMWPbb3YB$ENENMTnJW,497 lx,,,,,
3gsylVPln7f9fGGN09Fa40,,ELVホール,E 一般照明 LED ユニバーサルダウンライト,1903,1uZhMWPbb3YB$ENENMTnJW,497 lx,,,,,
3gsylVPln7f9fGGN09Fax_,,廊下,E 非常照明 白熱灯,1904,1uZhMWPbb3YB$ENENMToYv,47 lx,,,,,
3gsylVPln7f9fGGN09Fax$,,廊下,E 非常照明 白熱灯,1905,1uZhMWPbb3YB$ENENMToYv,47 lx,,,,,
3gsylVPln7f9fGGN09Faxy,,廊下,E 非常照明 白熱灯,1906,1uZhMWPbb3YB$ENENMToYv,47 lx,,,,,
3gsylVPln7f9fGGN09Faxz,,ELVホール,E 非常照明 白熱灯,1907,1uZhMWPbb3YB$ENENMToYv,47 lx,,,,,
3gsylVPln7f9fGGN09Faxw,3FL,廊下,E 非常照明 避難口誘導灯,1908,1uZhMWPbb3YB$ENENMToQq,,,,,,
3gsylVPln7f9fGGN09Faxx,3FL,廊下,E 非常照明 避難口誘導灯,1909,1uZhMWPbb3YB$ENENMToQq,,,,,,
3gsylVPln7f9fGGN09Faxu,3FL,事務室,E 非常照明 避難口誘導灯,1910,1uZhMWPbb3YB$ENENMToQq,,,,,,
3gsylVPln7f9fGGN09Faxv,3FL,事務室,E 非常照明 避難口誘導灯,1911,1uZhMWPbb3YB$ENENMToQq,,,,,,
3gsylVPln7f9fGGN09Faxs,3FL,事務室,E 非常照明 避難口誘導灯,1912,1uZhMWPbb3YB$ENENMToQq,,,,,,
3gsylVPln7f9fGGN09Faxt,3FL,事務室,E 非常照明 避難口誘導灯,1913,1uZhMWPbb3YB$ENENMToQq,,,,,,
3gsylVPln7f9fGGN09Faxr,,廊下,E 一般照明 LED ダウンライト,1914,3kRJAGJ9b2fQG8K9TIFr5B,47 lx,,,,,
3gsylVPln7f9fGGN09Faxo,,廊下,E 一般照明 LED ダウンライト,1915,3kRJAGJ9b2fQG8K9TIFr5B,47 lx,,,,,
3gsylVPln7f9fGGN09Faxp,,廊下,E 一般照明 LED ダウンライト,1916,3kRJAGJ9b2fQG8K9TIFr5B,47 lx,,,,,
3gsylVPln7f9fGGN09Faxm,,廊下,E 一般照明 LED ダウンライト,1917,3kRJAGJ9b2fQG8K9TIFr5B,47 lx,,,,,
3gsylVPln7f9fGGN09Faxn,,廊下,E 一般照明 LED ダウンライト,1918,3kRJAGJ9b2fQG8K9TIFr5B,47 lx,,,,,
3gsylVPln7f9fGGN09Faxk,,廊下,E 一般照明 LED ダウンライト,1919,3kRJAGJ9b2fQG8K9TIFr5B,47 lx,,,,,
3gsylVPln7f9fGGN09Faxl,,廊下,E 一般照明 LED ダウンライト,1920,3kRJAGJ9b2fQG8K9TIFr5B,47 lx,,,,,
3gsylVPln7f9fGGN09Faxi,,廊下,E 一般照明 LED ダウンライト,1921,3kRJAGJ9b2fQG8K9TIFr5B,47 lx,,,,,
3gsylVPln7f9fGGN09Faxj,,廊下,E 一般照明 LED ダウンライト,1922,3kRJAGJ9b2fQG8K9TIFr5B,47 lx,,,,,
3gsylVPln7f9fGGN09Faxg,,廊下,E 一般照明 LED ダウンライト,1923,3kRJAGJ9b2fQG8K9TIFr5B,47 lx,,,,,
3gsylVPln7f9fGGN09Faxh,,廊下,E 一般照明 LED ダウンライト,1924,3kRJAGJ9b2fQG8K9TIFr5B,47 lx,,,,,
3gsylVPln7f9fGGN09Faxe,,廊下,E 一般照明 LED ダウンライト,1925,3kRJAGJ9b2fQG8K9TIFr5B,47 lx,,,,,
3gsylVPln7f9fGGN09Faxf,,廊下,E 一般照明 LED ダウンライト,1926,3kRJAGJ9b2fQG8K9TIFr5B,47 lx,,,,,
3gsylVPln7f9fGGN09Faxc,,廊下,E 一般照明 LED ダウンライト,1927,3kRJAGJ9b2fQG8K9TIFr5B,47 lx,,,,,
3gsylVPln7f9fGGN09Faxd,,廊下,E 一般照明 LED ダウンライト,1928,3kRJAGJ9b2fQG8K9TIFr5B,47 lx,,,,,
3gsylVPln7f9fGGN09FaxZ,,WC男,E 一般照明 LED ユニバーサルダウンライト,1930,1uZhMWPbb3YB$ENENMTnJW,497 lx,,,,,
3gsylVPln7f9fGGN09FaxW,,WC男,E 一般照明 LED ユニバーサルダウンライト,1931,1uZhMWPbb3YB$ENENMTnJW,497 lx,,,,,
3gsylVPln7f9fGGN09FaxX,,WC女,E 一般照明 LED ユニバーサルダウンライト,1932,1uZhMWPbb3YB$ENENMTnJW,497 lx,,,,,
3gsylVPln7f9fGGN09FaxU,,WC女,E 一般照明 LED ユニバーサルダウンライト,1933,1uZhMWPbb3YB$ENENMTnJW,497 lx,,,,,
3gsylVPln7f9fGGN09FaxS,,給湯室,E 一般照明 LEDキッチン棚下灯,1934,3gsylVPln7f9fGGN09FZsT,12 lx,,,,,
3gsylVPln7f9fGGN09FaxO,,ELVホール,E 一般照明 LED ダウンライト,1935,3kRJAGJ9b2fQG8K9TIFr5B,47 lx,,,,,
3gsylVPln7f9fGGN09FaxP,,ELVホール,E 一般照明 LED ダウンライト,1936,3kRJAGJ9b2fQG8K9TIFr5B,47 lx,,,,,
3gsylVPln7f9fGGN09FaxM,,ELVホール,E 一般照明 LED ダウンライト,1937,3kRJAGJ9b2fQG8K9TIFr5B,47 lx,,,,,
3gsylVPln7f9fGGN09FaxN,,ELVホール,E 一般照明 LED ダウンライト,1938,3kRJAGJ9b2fQG8K9TIFr5B,47 lx,,,,,
3gsylVPln7f9fGGN09FaxK,,ELVホール,E 一般照明 LED ダウンライト,1939,3kRJAGJ9b2fQG8K9TIFr5B,47 lx,,,,,
3gsylVPln7f9fGGN09FaxL,,ELVホール,E 一般照明 LED ダウンライト,1940,3kRJAGJ9b2fQG8K9TIFr5B,47 lx,,,,,
3gsylVPln7f9fGGN09FaxI,,WC女,E 一般照明 LED ダウンライト,1941,3kRJAGJ9b2fQG8K9TIFr5B,47 lx,,,,,
3gsylVPln7f9fGGN09FaxG,,WC女,E 一般照明 LED ダウンライト,1942,3kRJAGJ9b2fQG8K9TIFr5B,47 lx,,,,,
3gsylVPln7f9fGGN09FaxH,,WC女,E 一般照明 LED ダウンライト,1943,3kRJAGJ9b2fQG8K9TIFr5B,47 lx,,,,,
3gsylVPln7f9fGGN09FaxE,,給湯室,E 一般照明 LED ダウンライト,1944,3kRJAGJ9b2fQG8K9TIFr5B,47 lx,,,,,
3gsylVPln7f9fGGN09FaxF,,WC女,E 一般照明 LED ダウンライト,1945,3kRJAGJ9b2fQG8K9TIFr5B,47 lx,,,,,
3gsylVPln7f9fGGN09FaxC,,給湯室,E 一般照明 LED ダウンライト,1946,3kRJAGJ9b2fQG8K9TIFr5B,47 lx,,,,,
3gsylVPln7f9fGGN09FaxD,,WC男,E 一般照明 LED ダウンライト,1947,3kRJAGJ9b2fQG8K9TIFr5B,47 lx,,,,,
3gsylVPln7f9fGGN09FaxA,,WC男,E 一般照明 LED ダウンライト,1948,3kRJAGJ9b2fQG8K9TIFr5B,47 lx,,,,,
3gsylVPln7f9fGGN09FaxB,,WC男,E 一般照明 LED ダウンライト,1949,3kRJAGJ9b2fQG8K9TIFr5B,47 lx,,,,,
3gsylVPln7f9fGGN09Fax8,,WC男,E 一般照明 LED ダウンライト,1950,3kRJAGJ9b2fQG8K9TIFr5B,47 lx,,,,,
3gsylVPln7f9fGGN09Fax9,,WC男,E 一般照明 LED ダウンライト,1951,3kRJAGJ9b2fQG8K9TIFr5B,47 lx,,,,,
3gsylVPln7f9fGGN09Fax6,,WC女,E 一般照明 LED ダウンライト,1952,3kRJAGJ9b2fQG8K9TIFr5B,47 lx,,,,,
3gsylVPln7f9fGGN09Fax7,,WC女,E 一般照明 LED ダウンライト,1953,3kRJAGJ9b2fQG8K9TIFr5B,47 lx,,,,,
3gsylVPln7f9fGGN09Fax4,,WC女,E 一般照明 LED ダウンライト,1954,3kRJAGJ9b2fQG8K9TIFr5B,47 lx,,,,,
3gsylVPln7f9fGGN09Fax5,,給湯室,E 一般照明 LED ダウンライト,1955,3kRJAGJ9b2fQG8K9TIFr5B,47 lx,,,,,
3gsylVPln7f9fGGN09Fax2,4FL,階段室,E 非常照明 LED 蛍光灯 壁付,1956,3kRJAGJ9b2fQG8K9TIFAzL,,,,,,
3gsylVPln7f9fGGN09Fawx,4FL,階段室,E 非常照明 LED 蛍光灯 壁付,1962,3kRJAGJ9b2fQG8K9TIFAzL,,,,,,
3gsylVPln7f9fGGN09Fawv,,ELVホール,E 一般照明 LED ユニバーサルダウンライト,1963,1uZhMWPbb3YB$ENENMTnJW,497 lx,,,,,
3gsylVPln7f9fGGN09Faws,,ELVホール,E 一般照明 LED ユニバーサルダウンライト,1964,1uZhMWPbb3YB$ENENMTnJW,497 lx,,,,,
3gsylVPln7f9fGGN09Fawt,,ELVホール,E 一般照明 LED ユニバーサルダウンライト,1965,1uZhMWPbb3YB$ENENMTnJW,497 lx,,,,,
3gsylVPln7f9fGGN09Fawq,,ELVホール,E 一般照明 LED ユニバーサルダウンライト,1966,1uZhMWPbb3YB$ENENMTnJW,497 lx,,,,,
3gsylVPln7f9fGGN09Fawo,,廊下,E 非常照明 白熱灯,1967,1uZhMWPbb3YB$ENENMToYv,47 lx,,,,,
3gsylVPln7f9fGGN09Fawp,,廊下,E 非常照明 白熱灯,1968,1uZhMWPbb3YB$ENENMToYv,47 lx,,,,,
3gsylVPln7f9fGGN09Fawm,,廊下,E 非常照明 白熱灯,1969,1uZhMWPbb3YB$ENENMToYv,47 lx,,,,,
3gsylVPln7f9fGGN09Fawn,,ELVホール,E 非常照明 白熱灯,1970,1uZhMWPbb3YB$ENENMToYv,47 lx,,,,,
3gsylVPln7f9fGGN09Fawk,4FL,廊下,E 非常照明 避難口誘導灯,1971,1uZhMWPbb3YB$ENENMToQq,,,,,,
3gsylVPln7f9fGGN09Fawl,4FL,廊下,E 非常照明 避難口誘導灯,1972,1uZhMWPbb3YB$ENENMToQq,,,,,,
3gsylVPln7f9fGGN09Fawi,4FL,事務室,E 非常照明 避難口誘導灯,1973,1uZhMWPbb3YB$ENENMToQq,,,,,,
3gsylVPln7f9fGGN09Fawj,4FL,事務室,E 非常照明 避難口誘導灯,1974,1uZhMWPbb3YB$ENENMToQq,,,,,,
3gsylVPln7f9fGGN09Fawg,4FL,事務室,E 非常照明 避難口誘導灯,1975,1uZhMWPbb3YB$ENENMToQq,,,,,,
3gsylVPln7f9fGGN09Fawh,4FL,事務室,E 非常照明 避難口誘導灯,1976,1uZhMWPbb3YB$ENENMToQq,,,,,,
3gsylVPln7f9fGGN09Fawf,,廊下,E 一般照明 LED ダウンライト,1977,3kRJAGJ9b2fQG8K9TIFr5B,47 lx,,,,,
3gsylVPln7f9fGGN09Fawc,,廊下,E 一般照明 LED ダウンライト,1978,3kRJAGJ9b2fQG8K9TIFr5B,47 lx,,,,,
3gsylVPln7f9fGGN09Fawd,,廊下,E 一般照明 LED ダウンライト,1979,3kRJAGJ9b2fQG8K9TIFr5B,47 lx,,,,,
3gsylVPln7f9fGGN09Fawa,,廊下,E 一般照明 LED ダウンライト,1980,3kRJAGJ9b2fQG8K9TIFr5B,47 lx,,,,,
3gsylVPln7f9fGGN09Fawb,,廊下,E 一般照明 LED ダウンライト,1981,3kRJAGJ9b2fQG8K9TIFr5B,47 lx,,,,,
3gsylVPln7f9fGGN09FawY,,廊下,E 一般照明 LED ダウンライト,1982,3kRJAGJ9b2fQG8K9TIFr5B,47 lx,,,,,
3gsylVPln7f9fGGN09FawZ,,廊下,E 一般照明 LED ダウンライト,1983,3kRJAGJ9b2fQG8K9TIFr5B,47 lx,,,,,
3gsylVPln7f9fGGN09FawW,,廊下,E 一般照明 LED ダウンライト,1984,3kRJAGJ9b2fQG8K9TIFr5B,47 lx,,,,,
3gsylVPln7f9fGGN09FawX,,廊下,E 一般照明 LED ダウンライト,1985,3kRJAGJ9b2fQG8K9TIFr5B,47 lx,,,,,
3gsylVPln7f9fGGN09FawU,,廊下,E 一般照明 LED ダウンライト,1986,3kRJAGJ9b2fQG8K9TIFr5B,47 lx,,,,,
3gsylVPln7f9fGGN09FawV,,廊下,E 一般照明 LED ダウンライト,1987,3kRJAGJ9b2fQG8K9TIFr5B,47 lx,,,,,
3gsylVPln7f9fGGN09FawS,,廊下,E 一般照明 LED ダウンライト,1988,3kRJAGJ9b2fQG8K9TIFr5B,47 lx,,,,,
3gsylVPln7f9fGGN09FawT,,廊下,E 一般照明 LED ダウンライト,1989,3kRJAGJ9b2fQG8K9TIFr5B,47 lx,,,,,
3gsylVPln7f9fGGN09FawQ,,廊下,E 一般照明 LED ダウンライト,1990,3kRJAGJ9b2fQG8K9TIFr5B,47 lx,,,,,
3gsylVPln7f9fGGN09FawR,,廊下,E 一般照明 LED ダウンライト,1991,3kRJAGJ9b2fQG8K9TIFr5B,47 lx,,,,,
3gsylVPln7f9fGGN09FawN,,WC男,E 一般照明 LED ユニバーサルダウンライト,1993,1uZhMWPbb3YB$ENENMTnJW,497 lx,,,,,
3gsylVPln7f9fGGN09FawK,,WC男,E 一般照明 LED ユニバーサルダウンライト,1994,1uZhMWPbb3YB$ENENMTnJW,497 lx,,,,,
3gsylVPln7f9fGGN09FawL,,WC女,E 一般照明 LED ユニバーサルダウンライト,1995,1uZhMWPbb3YB$ENENMTnJW,497 lx,,,,,
3gsylVPln7f9fGGN09FawI,,WC女,E 一般照明 LED ユニバーサルダウンライト,1996,1uZhMWPbb3YB$ENENMTnJW,497 lx,,,,,
3gsylVPln7f9fGGN09FawG,,給湯室,E 一般照明 LEDキッチン棚下灯,1997,3gsylVPln7f9fGGN09FZsT,12 lx,,,,,
3gsylVPln7f9fGGN09FawC,,ELVホール,E 一般照明 LED ダウンライト,1998,3kRJAGJ9b2fQG8K9TIFr5B,47 lx,,,,,
3gsylVPln7f9fGGN09FawD,,ELVホール,E 一般照明 LED ダウンライト,1999,3kRJAGJ9b2fQG8K9TIFr5B,47 lx,,,,,
3gsylVPln7f9fGGN09FawA,,ELVホール,E 一般照明 LED ダウンライト,2000,3kRJAGJ9b2fQG8K9TIFr5B,47 lx,,,,,
3gsylVPln7f9fGGN09FawB,,ELVホール,E 一般照明 LED ダウンライト,2001,3kRJAGJ9b2fQG8K9TIFr5B,47 lx,,,,,
3gsylVPln7f9fGGN09Faw8,,ELVホール,E 一般照明 LED ダウンライト,2002,3kRJAGJ9b2fQG8K9TIFr5B,47 lx,,,,,
3gsylVPln7f9fGGN09Faw9,,ELVホール,E 一般照明 LED ダウンライト,2003,3kRJAGJ9b2fQG8K9TIFr5B,47 lx,,,,,
3gsylVPln7f9fGGN09Faw6,,WC女,E 一般照明 LED ダウンライト,2004,3kRJAGJ9b2fQG8K9TIFr5B,47 lx,,,,,
3gsylVPln7f9fGGN09Faw4,,WC女,E 一般照明 LED ダウンライト,2005,3kRJAGJ9b2fQG8K9TIFr5B,47 lx,,,,,
3gsylVPln7f9fGGN09Faw5,,WC女,E 一般照明 LED ダウンライト,2006,3kRJAGJ9b2fQG8K9TIFr5B,47 lx,,,,,
3gsylVPln7f9fGGN09Faw2,,給湯室,E 一般照明 LED ダウンライト,2007,3kRJAGJ9b2fQG8K9TIFr5B,47 lx,,,,,
3gsylVPln7f9fGGN09Faw3,,WC女,E 一般照明 LED ダウンライト,2008,3kRJAGJ9b2fQG8K9TIFr5B,47 lx,,,,,
3gsylVPln7f9fGGN09Faw0,,給湯室,E 一般照明 LED ダウンライト,2009,3kRJAGJ9b2fQG8K9TIFr5B,47 lx,,,,,
3gsylVPln7f9fGGN09Faw1,,WC男,E 一般照明 LED ダウンライト,2010,3kRJAGJ9b2fQG8K9TIFr5B,47 lx,,,,,
3gsylVPln7f9fGGN09Fav_,,WC男,E 一般照明 LED ダウンライト,2011,3kRJAGJ9b2fQG8K9TIFr5B,47 lx,,,,,
3gsylVPln7f9fGGN09Fav$,,WC男,E 一般照明 LED ダウンライト,2012,3kRJAGJ9b2fQG8K9TIFr5B,47 lx,,,,,
3gsylVPln7f9fGGN09Favy,,WC男,E 一般照明 LED ダウンライト,2013,3kRJAGJ9b2fQG8K9TIFr5B,47 lx,,,,,
3gsylVPln7f9fGGN09Favz,,WC男,E 一般照明 LED ダウンライト,2014,3kRJAGJ9b2fQG8K9TIFr5B,47 lx,,,,,
3gsylVPln7f9fGGN09Favw,,WC女,E 一般照明 LED ダウンライト,2015,3kRJAGJ9b2fQG8K9TIFr5B,47 lx,,,,,
3gsylVPln7f9fGGN09Favx,,WC女,E 一般照明 LED ダウンライト,2016,3kRJAGJ9b2fQG8K9TIFr5B,47 lx,,,,,
3gsylVPln7f9fGGN09Favu,,WC女,E 一般照明 LED ダウンライト,2017,3kRJAGJ9b2fQG8K9TIFr5B,47 lx,,,,,
3gsylVPln7f9fGGN09Favv,,給湯室,E 一般照明 LED ダウンライト,2018,3kRJAGJ9b2fQG8K9TIFr5B,47 lx,,,,,
3gsylVPln7f9fGGN09Favs,5FL,階段室,E 非常照明 LED 蛍光灯 壁付,2019,3kRJAGJ9b2fQG8K9TIFAzL,,,,,,
3gsylVPln7f9fGGN09Favl,5FL,階段室,E 非常照明 LED 蛍光灯 壁付,2025,3kRJAGJ9b2fQG8K9TIFAzL,,,,,,
3gsylVPln7f9fGGN09Favj,,ELVホール,E 一般照明 LED ユニバーサルダウンライト,2026,1uZhMWPbb3YB$ENENMTnJW,497 lx,,,,,
3gsylVPln7f9fGGN09Favg,,ELVホール,E 一般照明 LED ユニバーサルダウンライト,2027,1uZhMWPbb3YB$ENENMTnJW,497 lx,,,,,
3gsylVPln7f9fGGN09Favh,,ELVホール,E 一般照明 LED ユニバーサルダウンライト,2028,1uZhMWPbb3YB$ENENMTnJW,497 lx,,,,,
3gsylVPln7f9fGGN09Fave,,ELVホール,E 一般照明 LED ユニバーサルダウンライト,2029,1uZhMWPbb3YB$ENENMTnJW,497 lx,,,,,
3gsylVPln7f9fGGN09Favc,,廊下,E 非常照明 白熱灯,2030,1uZhMWPbb3YB$ENENMToYv,47 lx,,,,,
3gsylVPln7f9fGGN09Favd,,廊下,E 非常照明 白熱灯,2031,1uZhMWPbb3YB$ENENMToYv,47 lx,,,,,
3gsylVPln7f9fGGN09Fava,,廊下,E 非常照明 白熱灯,2032,1uZhMWPbb3YB$ENENMToYv,47 lx,,,,,
3gsylVPln7f9fGGN09Favb,,ELVホール,E 非常照明 白熱灯,2033,1uZhMWPbb3YB$ENENMToYv,47 lx,,,,,
3gsylVPln7f9fGGN09FavY,5FL,廊下,E 非常照明 避難口誘導灯,2034,1uZhMWPbb3YB$ENENMToQq,,,,,,
3gsylVPln7f9fGGN09FavZ,5FL,廊下,E 非常照明 避難口誘導灯,2035,1uZhMWPbb3YB$ENENMToQq,,,,,,
3gsylVPln7f9fGGN09FavW,5FL,事務室,E 非常照明 避難口誘導灯,2036,1uZhMWPbb3YB$ENENMToQq,,,,,,
3gsylVPln7f9fGGN09FavX,5FL,事務室,E 非常照明 避難口誘導灯,2037,1uZhMWPbb3YB$ENENMToQq,,,,,,
3gsylVPln7f9fGGN09FavU,5FL,事務室,E 非常照明 避難口誘導灯,2038,1uZhMWPbb3YB$ENENMToQq,,,,,,
3gsylVPln7f9fGGN09FavV,5FL,事務室,E 非常照明 避難口誘導灯,2039,1uZhMWPbb3YB$ENENMToQq,,,,,,
3gsylVPln7f9fGGN09FavT,,廊下,E 一般照明 LED ダウンライト,2040,3kRJAGJ9b2fQG8K9TIFr5B,47 lx,,,,,
3gsylVPln7f9fGGN09FavQ,,廊下,E 一般照明 LED ダウンライト,2041,3kRJAGJ9b2fQG8K9TIFr5B,47 lx,,,,,
3gsylVPln7f9fGGN09FavR,,廊下,E 一般照明 LED ダウンライト,2042,3kRJAGJ9b2fQG8K9TIFr5B,47 lx,,,,,
3gsylVPln7f9fGGN09FavO,,廊下,E 一般照明 LED ダウンライト,2043,3kRJAGJ9b2fQG8K9TIFr5B,47 lx,,,,,
3gsylVPln7f9fGGN09FavP,,廊下,E 一般照明 LED ダウンライト,2044,3kRJAGJ9b2fQG8K9TIFr5B,47 lx,,,,,
3gsylVPln7f9fGGN09FavM,,廊下,E 一般照明 LED ダウンライト,2045,3kRJAGJ9b2fQG8K9TIFr5B,47 lx,,,,,
3gsylVPln7f9fGGN09FavN,,廊下,E 一般照明 LED ダウンライト,2046,3kRJAGJ9b2fQG8K9TIFr5B,47 lx,,,,,
3gsylVPln7f9fGGN09FavK,,廊下,E 一般照明 LED ダウンライト,2047,3kRJAGJ9b2fQG8K9TIFr5B,47 lx,,,,,
3gsylVPln7f9fGGN09FavL,,廊下,E 一般照明 LED ダウンライト,2048,3kRJAGJ9b2fQG8K9TIFr5B,47 lx,,,,,
3gsylVPln7f9fGGN09FavI,,廊下,E 一般照明 LED ダウンライト,2049,3kRJAGJ9b2fQG8K9TIFr5B,47 lx,,,,,
3gsylVPln7f9fGGN09FavJ,,廊下,E 一般照明 LED ダウンライト,2050,3kRJAGJ9b2fQG8K9TIFr5B,47 lx,,,,,
3gsylVPln7f9fGGN09FavG,,廊下,E 一般照明 LED ダウンライト,2051,3kRJAGJ9b2fQG8K9TIFr5B,47 lx,,,,,
3gsylVPln7f9fGGN09FavH,,廊下,E 一般照明 LED ダウンライト,2052,3kRJAGJ9b2fQG8K9TIFr5B,47 lx,,,,,
3gsylVPln7f9fGGN09FavE,,廊下,E 一般照明 LED ダウンライト,2053,3kRJAGJ9b2fQG8K9TIFr5B,47 lx,,,,,
3gsylVPln7f9fGGN09FavF,,廊下,E 一般照明 LED ダウンライト,2054,3kRJAGJ9b2fQG8K9TIFr5B,47 lx,,,,,
3gsylVPln7f9fGGN09FavB,,WC男,E 一般照明 LED ユニバーサルダウンライト,2056,1uZhMWPbb3YB$ENENMTnJW,497 lx,,,,,
3gsylVPln7f9fGGN09Fav8,,WC男,E 一般照明 LED ユニバーサルダウンライト,2057,1uZhMWPbb3YB$ENENMTnJW,497 lx,,,,,
3gsylVPln7f9fGGN09Fav9,,WC女,E 一般照明 LED ユニバーサルダウンライト,2058,1uZhMWPbb3YB$ENENMTnJW,497 lx,,,,,
3gsylVPln7f9fGGN09Fav6,,WC女,E 一般照明 LED ユニバーサルダウンライト,2059,1uZhMWPbb3YB$ENENMTnJW,497 lx,,,,,
3gsylVPln7f9fGGN09Fav4,,給湯室,E 一般照明 LEDキッチン棚下灯,2060,3gsylVPln7f9fGGN09FZsT,12 lx,,,,,
3gsylVPln7f9fGGN09Fav0,,ELVホール,E 一般照明 LED ダウンライト,2061,3kRJAGJ9b2fQG8K9TIFr5B,47 lx,,,,,
3gsylVPln7f9fGGN09Fav1,,ELVホール,E 一般照明 LED ダウンライト,2062,3kRJAGJ9b2fQG8K9TIFr5B,47 lx,,,,,
3gsylVPln7f9fGGN09Fau_,,ELVホール,E 一般照明 LED ダウンライト,2063,3kRJAGJ9b2fQG8K9TIFr5B,47 lx,,,,,
3gsylVPln7f9fGGN09Fau$,,ELVホール,E 一般照明 LED ダウンライト,2064,3kRJAGJ9b2fQG8K9TIFr5B,47 lx,,,,,
3gsylVPln7f9fGGN09Fauy,,ELVホール,E 一般照明 LED ダウンライト,2065,3kRJAGJ9b2fQG8K9TIFr5B,47 lx,,,,,
3gsylVPln7f9fGGN09Fauz,,ELVホール,E 一般照明 LED ダウンライト,2066,3kRJAGJ9b2fQG8K9TIFr5B,47 lx,,,,,
3gsylVPln7f9fGGN09Fauw,,WC女,E 一般照明 LED ダウンライト,2067,3kRJAGJ9b2fQG8K9TIFr5B,47 lx,,,,,
3gsylVPln7f9fGGN09Fauu,,WC女,E 一般照明 LED ダウンライト,2068,3kRJAGJ9b2fQG8K9TIFr5B,47 lx,,,,,
3gsylVPln7f9fGGN09Fauv,,WC女,E 一般照明 LED ダウンライト,2069,3kRJAGJ9b2fQG8K9TIFr5B,47 lx,,,,,
3gsylVPln7f9fGGN09Faus,,給湯室,E 一般照明 LED ダウンライト,2070,3kRJAGJ9b2fQG8K9TIFr5B,47 lx,,,,,
3gsylVPln7f9fGGN09Faut,,WC女,E 一般照明 LED ダウンライト,2071,3kRJAGJ9b2fQG8K9TIFr5B,47 lx,,,,,
3gsylVPln7f9fGGN09Fauq,,給湯室,E 一般照明 LED ダウンライト,2072,3kRJAGJ9b2fQG8K9TIFr5B,47 lx,,,,,
3gsylVPln7f9fGGN09Faur,,WC男,E 一般照明 LED ダウンライト,2073,3kRJAGJ9b2fQG8K9TIFr5B,47 lx,,,,,
3gsylVPln7f9fGGN09Fauo,,WC男,E 一般照明 LED ダウンライト,2074,3kRJAGJ9b2fQG8K9TIFr5B,47 lx,,,,,
3gsylVPln7f9fGGN09Faup,,WC男,E 一般照明 LED ダウンライト,2075,3kRJAGJ9b2fQG8K9TIFr5B,47 lx,,,,,
3gsylVPln7f9fGGN09Faum,,WC男,E 一般照明 LED ダウンライト,2076,3kRJAGJ9b2fQG8K9TIFr5B,47 lx,,,,,
3gsylVPln7f9fGGN09Faun,,WC男,E 一般照明 LED ダウンライト,2077,3kRJAGJ9b2fQG8K9TIFr5B,47 lx,,,,,
3gsylVPln7f9fGGN09Fauk,,WC女,E 一般照明 LED ダウンライト,2078,3kRJAGJ9b2fQG8K9TIFr5B,47 lx,,,,,
3gsylVPln7f9fGGN09Faul,,WC女,E 一般照明 LED ダウンライト,2079,3kRJAGJ9b2fQG8K9TIFr5B,47 lx,,,,,
3gsylVPln7f9fGGN09Faui,,WC女,E 一般照明 LED ダウンライト,2080,3kRJAGJ9b2fQG8K9TIFr5B,47 lx,,,,,
3gsylVPln7f9fGGN09Fauj,,給湯室,E 一般照明 LED ダウンライト,2081,3kRJAGJ9b2fQG8K9TIFr5B,47 lx,,,,,
3gsylVPln7f9fGGN09Faug,6FL,階段室,E 非常照明 LED 蛍光灯 壁付,2082,3kRJAGJ9b2fQG8K9TIFAzL,,,,,,
3gsylVPln7f9fGGN09FauZ,6FL,階段室,E 非常照明 LED 蛍光灯 壁付,2088,3kRJAGJ9b2fQG8K9TIFAzL,,,,,,
3gsylVPln7f9fGGN09FauX,,ELVホール,E 一般照明 LED ユニバーサルダウンライト,2089,1uZhMWPbb3YB$ENENMTnJW,497 lx,,,,,
3gsylVPln7f9fGGN09FauU,,ELVホール,E 一般照明 LED ユニバーサルダウンライト,2090,1uZhMWPbb3YB$ENENMTnJW,497 lx,,,,,
3gsylVPln7f9fGGN09FauV,,ELVホール,E 一般照明 LED ユニバーサルダウンライト,2091,1uZhMWPbb3YB$ENENMTnJW,497 lx,,,,,
3gsylVPln7f9fGGN09FauS,,ELVホール,E 一般照明 LED ユニバーサルダウンライト,2092,1uZhMWPbb3YB$ENENMTnJW,497 lx,,,,,
3gsylVPln7f9fGGN09FauQ,,廊下,E 非常照明 白熱灯,2093,1uZhMWPbb3YB$ENENMToYv,47 lx,,,,,
3gsylVPln7f9fGGN09FauR,,廊下,E 非常照明 白熱灯,2094,1uZhMWPbb3YB$ENENMToYv,47 lx,,,,,
3gsylVPln7f9fGGN09FauO,,廊下,E 非常照明 白熱灯,2095,1uZhMWPbb3YB$ENENMToYv,47 lx,,,,,
3gsylVPln7f9fGGN09FauP,,ELVホール,E 非常照明 白熱灯,2096,1uZhMWPbb3YB$ENENMToYv,47 lx,,,,,
3gsylVPln7f9fGGN09FauM,6FL,廊下,E 非常照明 避難口誘導灯,2097,1uZhMWPbb3YB$ENENMToQq,,,,,,
3gsylVPln7f9fGGN09FauN,6FL,廊下,E 非常照明 避難口誘導灯,2098,1uZhMWPbb3YB$ENENMToQq,,,,,,
3gsylVPln7f9fGGN09FauK,6FL,事務室,E 非常照明 避難口誘導灯,2099,1uZhMWPbb3YB$ENENMToQq,,,,,,
3gsylVPln7f9fGGN09FauL,6FL,事務室,E 非常照明 避難口誘導灯,2100,1uZhMWPbb3YB$ENENMToQq,,,,,,
3gsylVPln7f9fGGN09FauI,6FL,事務室,E 非常照明 避難口誘導灯,2101,1uZhMWPbb3YB$ENENMToQq,,,,,,
3gsylVPln7f9fGGN09FauJ,6FL,事務室,E 非常照明 避難口誘導灯,2102,1uZhMWPbb3YB$ENENMToQq,,,,,,
3gsylVPln7f9fGGN09FauH,,廊下,E 一般照明 LED ダウンライト,2103,3kRJAGJ9b2fQG8K9TIFr5B,47 lx,,,,,
3gsylVPln7f9fGGN09FauE,,廊下,E 一般照明 LED ダウンライト,2104,3kRJAGJ9b2fQG8K9TIFr5B,47 lx,,,,,
3gsylVPln7f9fGGN09FauF,,廊下,E 一般照明 LED ダウンライト,2105,3kRJAGJ9b2fQG8K9TIFr5B,47 lx,,,,,
3gsylVPln7f9fGGN09FauC,,廊下,E 一般照明 LED ダウンライト,2106,3kRJAGJ9b2fQG8K9TIFr5B,47 lx,,,,,
3gsylVPln7f9fGGN09FauD,,廊下,E 一般照明 LED ダウンライト,2107,3kRJAGJ9b2fQG8K9TIFr5B,47 lx,,,,,
3gsylVPln7f9fGGN09FauA,,廊下,E 一般照明 LED ダウンライト,2108,3kRJAGJ9b2fQG8K9TIFr5B,47 lx,,,,,
3gsylVPln7f9fGGN09FauB,,廊下,E 一般照明 LED ダウンライト,2109,3kRJAGJ9b2fQG8K9TIFr5B,47 lx,,,,,
3gsylVPln7f9fGGN09Fau8,,廊下,E 一般照明 LED ダウンライト,2110,3kRJAGJ9b2fQG8K9TIFr5B,47 lx,,,,,
3gsylVPln7f9fGGN09Fau9,,廊下,E 一般照明 LED ダウンライト,2111,3kRJAGJ9b2fQG8K9TIFr5B,47 lx,,,,,
3gsylVPln7f9fGGN09Fau6,,廊下,E 一般照明 LED ダウンライト,2112,3kRJAGJ9b2fQG8K9TIFr5B,47 lx,,,,,
3gsylVPln7f9fGGN09Fau7,,廊下,E 一般照明 LED ダウンライト,2113,3kRJAGJ9b2fQG8K9TIFr5B,47 lx,,,,,
3gsylVPln7f9fGGN09Fau4,,廊下,E 一般照明 LED ダウンライト,2114,3kRJAGJ9b2fQG8K9TIFr5B,47 lx,,,,,
3gsylVPln7f9fGGN09Fau5,,廊下,E 一般照明 LED ダウンライト,2115,3kRJAGJ9b2fQG8K9TIFr5B,47 lx,,,,,
3gsylVPln7f9fGGN09Fau2,,廊下,E 一般照明 LED ダウンライト,2116,3kRJAGJ9b2fQG8K9TIFr5B,47 lx,,,,,
3gsylVPln7f9fGGN09Fau3,,廊下,E 一般照明 LED ダウンライト,2117,3kRJAGJ9b2fQG8K9TIFr5B,47 lx,,,,,
3gsylVPln7f9fGGN09Fa$$,,WC男,E 一般照明 LED ユニバーサルダウンライト,2119,1uZhMWPbb3YB$ENENMTnJW,497 lx,,,,,
3gsylVPln7f9fGGN09Fa$y,,WC男,E 一般照明 LED ユニバーサルダウンライト,2120,1uZhMWPbb3YB$ENENMTnJW,497 lx,,,,,
3gsylVPln7f9fGGN09Fa$z,,WC女,E 一般照明 LED ユニバーサルダウンライト,2121,1uZhMWPbb3YB$ENENMTnJW,497 lx,,,,,
3gsylVPln7f9fGGN09Fa$w,,WC女,E 一般照明 LED ユニバーサルダウンライト,2122,1uZhMWPbb3YB$ENENMTnJW,497 lx,,,,,
3gsylVPln7f9fGGN09Fa$u,,給湯室,E 一般照明 LEDキッチン棚下灯,2123,3gsylVPln7f9fGGN09FZsT,12 lx,,,,,
3gsylVPln7f9fGGN09Fa$q,,ELVホール,E 一般照明 LED ダウンライト,2124,3kRJAGJ9b2fQG8K9TIFr5B,47 lx,,,,,
3gsylVPln7f9fGGN09Fa$r,,ELVホール,E 一般照明 LED ダウンライト,2125,3kRJAGJ9b2fQG8K9TIFr5B,47 lx,,,,,
3gsylVPln7f9fGGN09Fa$o,,ELVホール,E 一般照明 LED ダウンライト,2126,3kRJAGJ9b2fQG8K9TIFr5B,47 lx,,,,,
3gsylVPln7f9fGGN09Fa$p,,ELVホール,E 一般照明 LED ダウンライト,2127,3kRJAGJ9b2fQG8K9TIFr5B,47 lx,,,,,
3gsylVPln7f9fGGN09Fa$m,,ELVホール,E 一般照明 LED ダウンライト,2128,3kRJAGJ9b2fQG8K9TIFr5B,47 lx,,,,,
3gsylVPln7f9fGGN09Fa$n,,ELVホール,E 一般照明 LED ダウンライト,2129,3kRJAGJ9b2fQG8K9TIFr5B,47 lx,,,,,
3gsylVPln7f9fGGN09Fa$k,,WC女,E 一般照明 LED ダウンライト,2130,3kRJAGJ9b2fQG8K9TIFr5B,47 lx,,,,,
3gsylVPln7f9fGGN09Fa$i,,WC女,E 一般照明 LED ダウンライト,2131,3kRJAGJ9b2fQG8K9TIFr5B,47 lx,,,,,
3gsylVPln7f9fGGN09Fa$j,,WC女,E 一般照明 LED ダウンライト,2132,3kRJAGJ9b2fQG8K9TIFr5B,47 lx,,,,,
3gsylVPln7f9fGGN09Fa$g,,給湯室,E 一般照明 LED ダウンライト,2133,3kRJAGJ9b2fQG8K9TIFr5B,47 lx,,,,,
3gsylVPln7f9fGGN09Fa$h,,WC女,E 一般照明 LED ダウンライト,2134,3kRJAGJ9b2fQG8K9TIFr5B,47 lx,,,,,
3gsylVPln7f9fGGN09Fa$e,,給湯室,E 一般照明 LED ダウンライト,2135,3kRJAGJ9b2fQG8K9TIFr5B,47 lx,,,,,
3gsylVPln7f9fGGN09Fa$f,,WC男,E 一般照明 LED ダウンライト,2136,3kRJAGJ9b2fQG8K9TIFr5B,47 lx,,,,,
3gsylVPln7f9fGGN09Fa$c,,WC男,E 一般照明 LED ダウンライト,2137,3kRJAGJ9b2fQG8K9TIFr5B,47 lx,,,,,
3gsylVPln7f9fGGN09Fa$d,,WC男,E 一般照明 LED ダウンライト,2138,3kRJAGJ9b2fQG8K9TIFr5B,47 lx,,,,,
3gsylVPln7f9fGGN09Fa$a,,WC男,E 一般照明 LED ダウンライト,2139,3kRJAGJ9b2fQG8K9TIFr5B,47 lx,,,,,
3gsylVPln7f9fGGN09Fa$b,,WC男,E 一般照明 LED ダウンライト,2140,3kRJAGJ9b2fQG8K9TIFr5B,47 lx,,,,,
3gsylVPln7f9fGGN09Fa$Y,,WC女,E 一般照明 LED ダウンライト,2141,3kRJAGJ9b2fQG8K9TIFr5B,47 lx,,,,,
3gsylVPln7f9fGGN09Fa$Z,,WC女,E 一般照明 LED ダウンライト,2142,3kRJAGJ9b2fQG8K9TIFr5B,47 lx,,,,,
3gsylVPln7f9fGGN09Fa$W,,WC女,E 一般照明 LED ダウンライト,2143,3kRJAGJ9b2fQG8K9TIFr5B,47 lx,,,,,
3gsylVPln7f9fGGN09Fa$X,,給湯室,E 一般照明 LED ダウンライト,2144,3kRJAGJ9b2fQG8K9TIFr5B,47 lx,,,,,
3gsylVPln7f9fGGN09Fa$U,7FL,階段室,E 非常照明 LED 蛍光灯 壁付,2145,3kRJAGJ9b2fQG8K9TIFAzL,,,,,,
3gsylVPln7f9fGGN09Fa$L,,ELVホール,E 一般照明 LED ユニバーサルダウンライト,2152,1uZhMWPbb3YB$ENENMTnJW,497 lx,,,,,
3gsylVPln7f9fGGN09Fa$I,,ELVホール,E 一般照明 LED ユニバーサルダウンライト,2153,1uZhMWPbb3YB$ENENMTnJW,497 lx,,,,,
3gsylVPln7f9fGGN09Fa$J,,ELVホール,E 一般照明 LED ユニバーサルダウンライト,2154,1uZhMWPbb3YB$ENENMTnJW,497 lx,,,,,
3gsylVPln7f9fGGN09Fa$G,,ELVホール,E 一般照明 LED ユニバーサルダウンライト,2155,1uZhMWPbb3YB$ENENMTnJW,497 lx,,,,,
3gsylVPln7f9fGGN09Fa$E,,廊下,E 非常照明 白熱灯,2156,1uZhMWPbb3YB$ENENMToYv,47 lx,,,,,
3gsylVPln7f9fGGN09Fa$F,,廊下,E 非常照明 白熱灯,2157,1uZhMWPbb3YB$ENENMToYv,47 lx,,,,,
3gsylVPln7f9fGGN09Fa$C,,廊下,E 非常照明 白熱灯,2158,1uZhMWPbb3YB$ENENMToYv,47 lx,,,,,
3gsylVPln7f9fGGN09Fa$D,,ELVホール,E 非常照明 白熱灯,2159,1uZhMWPbb3YB$ENENMToYv,47 lx,,,,,
3gsylVPln7f9fGGN09Fa$A,7FL,廊下,E 非常照明 避難口誘導灯,2160,1uZhMWPbb3YB$ENENMToQq,,,,,,
3gsylVPln7f9fGGN09Fa$B,7FL,廊下,E 非常照明 避難口誘導灯,2161,1uZhMWPbb3YB$ENENMToQq,,,,,,
3gsylVPln7f9fGGN09Fa$8,7FL,事務室,E 非常照明 避難口誘導灯,2162,1uZhMWPbb3YB$ENENMToQq,,,,,,
3gsylVPln7f9fGGN09Fa$9,7FL,事務室,E 非常照明 避難口誘導灯,2163,1uZhMWPbb3YB$ENENMToQq,,,,,,
3gsylVPln7f9fGGN09Fa$6,7FL,事務室,E 非常照明 避難口誘導灯,2164,1uZhMWPbb3YB$ENENMToQq,,,,,,
3gsylVPln7f9fGGN09Fa$7,7FL,事務室,E 非常照明 避難口誘導灯,2165,1uZhMWPbb3YB$ENENMToQq,,,,,,
3gsylVPln7f9fGGN09Fa$5,,廊下,E 一般照明 LED ダウンライト,2166,3kRJAGJ9b2fQG8K9TIFr5B,47 lx,,,,,
3gsylVPln7f9fGGN09Fa$2,,廊下,E 一般照明 LED ダウンライト,2167,3kRJAGJ9b2fQG8K9TIFr5B,47 lx,,,,,
3gsylVPln7f9fGGN09Fa$3,,廊下,E 一般照明 LED ダウンライト,2168,3kRJAGJ9b2fQG8K9TIFr5B,47 lx,,,,,
3gsylVPln7f9fGGN09Fa$0,,廊下,E 一般照明 LED ダウンライト,2169,3kRJAGJ9b2fQG8K9TIFr5B,47 lx,,,,,
3gsylVPln7f9fGGN09Fa$1,,廊下,E 一般照明 LED ダウンライト,2170,3kRJAGJ9b2fQG8K9TIFr5B,47 lx,,,,,
3gsylVPln7f9fGGN09Fa__,,廊下,E 一般照明 LED ダウンライト,2171,3kRJAGJ9b2fQG8K9TIFr5B,47 lx,,,,,
3gsylVPln7f9fGGN09Fa_$,,廊下,E 一般照明 LED ダウンライト,2172,3kRJAGJ9b2fQG8K9TIFr5B,47 lx,,,,,
3gsylVPln7f9fGGN09Fa_y,,廊下,E 一般照明 LED ダウンライト,2173,3kRJAGJ9b2fQG8K9TIFr5B,47 lx,,,,,
3gsylVPln7f9fGGN09Fa_z,,廊下,E 一般照明 LED ダウンライト,2174,3kRJAGJ9b2fQG8K9TIFr5B,47 lx,,,,,
3gsylVPln7f9fGGN09Fa_w,,廊下,E 一般照明 LED ダウンライト,2175,3kRJAGJ9b2fQG8K9TIFr5B,47 lx,,,,,
3gsylVPln7f9fGGN09Fa_x,,廊下,E 一般照明 LED ダウンライト,2176,3kRJAGJ9b2fQG8K9TIFr5B,47 lx,,,,,
3gsylVPln7f9fGGN09Fa_u,,廊下,E 一般照明 LED ダウンライト,2177,3kRJAGJ9b2fQG8K9TIFr5B,47 lx,,,,,
3gsylVPln7f9fGGN09Fa_v,,廊下,E 一般照明 LED ダウンライト,2178,3kRJAGJ9b2fQG8K9TIFr5B,47 lx,,,,,
3gsylVPln7f9fGGN09Fa_s,,廊下,E 一般照明 LED ダウンライト,2179,3kRJAGJ9b2fQG8K9TIFr5B,47 lx,,,,,
3gsylVPln7f9fGGN09Fa_t,,廊下,E 一般照明 LED ダウンライト,2180,3kRJAGJ9b2fQG8K9TIFr5B,47 lx,,,,,
3gsylVPln7f9fGGN09Fa_p,,WC男,E 一般照明 LED ユニバーサルダウンライト,2182,1uZhMWPbb3YB$ENENMTnJW,497 lx,,,,,
3gsylVPln7f9fGGN09Fa_m,,WC男,E 一般照明 LED ユニバーサルダウンライト,2183,1uZhMWPbb3YB$ENENMTnJW,497 lx,,,,,
3gsylVPln7f9fGGN09Fa_n,,WC女,E 一般照明 LED ユニバーサルダウンライト,2184,1uZhMWPbb3YB$ENENMTnJW,497 lx,,,,,
3gsylVPln7f9fGGN09Fa_k,,WC女,E 一般照明 LED ユニバーサルダウンライト,2185,1uZhMWPbb3YB$ENENMTnJW,497 lx,,,,,
3gsylVPln7f9fGGN09Fa_i,,給湯室,E 一般照明 LEDキッチン棚下灯,2186,3gsylVPln7f9fGGN09FZsT,12 lx,,,,,
3x3_QK1Hn34h1hI00N9F6O,,廊下2,E 一般照明 LED ダウンライト,2187,3kRJAGJ9b2fQG8K9TIFr5B,47 lx,,,,,
3x3_QK1Hn34h1hI00N9F6R,,廊下2,E 一般照明 LED ダウンライト,2188,3kRJAGJ9b2fQG8K9TIFr5B,47 lx,,,,,
3x3_QK1Hn34h1hI00N9F6Q,,廊下2,E 一般照明 LED ダウンライト,2189,3kRJAGJ9b2fQG8K9TIFr5B,47 lx,,,,,
3x3_QK1Hn34h1hI00N9F6T,,廊下2,E 一般照明 LED ダウンライト,2190,3kRJAGJ9b2fQG8K9TIFr5B,47 lx,,,,,
3x3_QK1Hn34h1hI00N9F6S,,HWC,E 一般照明 LED ダウンライト,2191,3kRJAGJ9b2fQG8K9TIFr5B,47 lx,,,,,
3x3_QK1Hn34h1hI00N9F6V,,HWC,E 一般照明 LED ダウンライト,2192,3kRJAGJ9b2fQG8K9TIFr5B,47 lx,,,,,
3x3_QK1Hn34h1hI00N9F6U,,廊下2,E 一般照明 LED ダウンライト,2193,3kRJAGJ9b2fQG8K9TIFr5B,47 lx,,,,,
3x3_QK1Hn34h1hI00N9F6H,,廊下2,E 一般照明 LED ダウンライト,2194,3kRJAGJ9b2fQG8K9TIFr5B,47 lx,,,,,
3x3_QK1Hn34h1hI00N9F6G,,廊下2,E 一般照明 LED ダウンライト,2195,3kRJAGJ9b2fQG8K9TIFr5B,47 lx,,,,,
3x3_QK1Hn34h1hI00N9F6J,,廊下2,E 一般照明 LED ダウンライト,2196,3kRJAGJ9b2fQG8K9TIFr5B,47 lx,,,,,
3x3_QK1Hn34h1hI00N9F6I,,廊下2,E 一般照明 LED ダウンライト,2197,3kRJAGJ9b2fQG8K9TIFr5B,47 lx,,,,,
3x3_QK1Hn34h1hI00N9F6L,,エントランス ホール,E 一般照明 LED ダウンライト,2198,3kRJAGJ9b2fQG8K9TIFr5B,47 lx,,,,,
3x3_QK1Hn34h1hI00N9F6K,,エントランス ホール,E 一般照明 LED ダウンライト,2199,3kRJAGJ9b2fQG8K9TIFr5B,47 lx,,,,,
3x3_QK1Hn34h1hI00N9F6N,,エントランス ホール,E 一般照明 LED ダウンライト,2200,3kRJAGJ9b2fQG8K9TIFr5B,47 lx,,,,,
3x3_QK1Hn34h1hI00N9F6M,,ELVホール,E 一般照明 LED ダウンライト,2201,3kRJAGJ9b2fQG8K9TIFr5B,47 lx,,,,,
3x3_QK1Hn34h1hI00N9F6f,,ELVホール,E 一般照明 LED ダウンライト,2202,3kRJAGJ9b2fQG8K9TIFr5B,47 lx,,,,,
3x3_QK1Hn34h1hI00N9F6e,,ELVホール,E 一般照明 LED ダウンライト,2203,3kRJAGJ9b2fQG8K9TIFr5B,47 lx,,,,,
3x3_QK1Hn34h1hI00N9F6h,,ELVホール,E 一般照明 LED ダウンライト,2204,3kRJAGJ9b2fQG8K9TIFr5B,47 lx,,,,,
3x3_QK1Hn34h1hI00N9F6g,,ELVホール,E 一般照明 LED ダウンライト,2205,3kRJAGJ9b2fQG8K9TIFr5B,47 lx,,,,,
3x3_QK1Hn34h1hI00N9F6j,,ELVホール,E 一般照明 LED ダウンライト,2206,3kRJAGJ9b2fQG8K9TIFr5B,47 lx,,,,,
3x3_QK1Hn34h1hI00N9F6i,,風除室,E 一般照明 LED ダウンライト,2207,3kRJAGJ9b2fQG8K9TIFr5B,47 lx,,,,,
3x3_QK1Hn34h1hI00N9F6l,,風除室,E 一般照明 LED ダウンライト,2208,3kRJAGJ9b2fQG8K9TIFr5B,47 lx,,,,,
3x3_QK1Hn34h1hI00N9F6k,,風除室,E 一般照明 LED ダウンライト,2209,3kRJAGJ9b2fQG8K9TIFr5B,47 lx,,,,,
3x3_QK1Hn34h1hI00N9F6X,,風除室,E 一般照明 LED ダウンライト,2210,3kRJAGJ9b2fQG8K9TIFr5B,47 lx,,,,,
3x3_QK1Hn34h1hI00N9F6W,,駐車場,E 一般照明 埋込型LEDベースライト,2211,3kRJAGJ9b2fQG8K9TIFAJ1,12 lx,,,,,
3x3_QK1Hn34h1hI00N9F6Z,,駐車場,E 一般照明 埋込型LEDベースライト,2212,3kRJAGJ9b2fQG8K9TIFAJ1,12 lx,,,,,
3x3_QK1Hn34h1hI00N9F6Y,,駐車場,E 一般照明 埋込型LEDベースライト,2213,3kRJAGJ9b2fQG8K9TIFAJ1,12 lx,,,,,
3x3_QK1Hn34h1hI00N9F6b,,駐車場,E 一般照明 埋込型LEDベースライト,2214,3kRJAGJ9b2fQG8K9TIFAJ1,12 lx,,,,,
3x3_QK1Hn34h1hI00N9F6a,,駐車場,E 一般照明 埋込型LEDベースライト,2215,3kRJAGJ9b2fQG8K9TIFAJ1,12 lx,,,,,
3x3_QK1Hn34h1hI00N9F6d,,駐車場,E 一般照明 埋込型LEDベースライト,2216,3kRJAGJ9b2fQG8K9TIFAJ1,12 lx,,,,,
3x3_QK1Hn34h1hI00N9F6_,,駐車場,E 一般照明 埋込型LEDベースライト,2223,3kRJAGJ9b2fQG8K9TIFAJ1,12 lx,,,,,
3x3_QK1Hn34h1hI00N9F6n,,駐車場,E 一般照明 埋込型LEDベースライト,2224,3kRJAGJ9b2fQG8K9TIFAJ1,12 lx,,,,,
3x3_QK1Hn34h1hI00N9F6m,,駐車場,E 一般照明 埋込型LEDベースライト,2225,3kRJAGJ9b2fQG8K9TIFAJ1,12 lx,,,,,
3x3_QK1Hn34h1hI00N9F6p,,駐車場,E 一般照明 埋込型LEDベースライト,2226,3kRJAGJ9b2fQG8K9TIFAJ1,12 lx,,,,,
3x3_QK1Hn34h1hI00N9F6o,,駐車場,E 一般照明 埋込型LEDベースライト,2227,3kRJAGJ9b2fQG8K9TIFAJ1,12 lx,,,,,
3x3_QK1Hn34h1hI00N9F6r,,駐車場,E 一般照明 埋込型LEDベースライト,2228,3kRJAGJ9b2fQG8K9TIFAJ1,12 lx,,,,,
3x3_QK1Hn34h1hI00N9F6q,,廊下1,E 一般照明 LED ダウンライト,2229,3kRJAGJ9b2fQG8K9TIFr5B,47 lx,,,,,
3x3_QK1Hn34h1hI00N9F5A,,清掃 管理人 控室,E 一般照明 埋込型LEDベースライト,2234,3x3_QK1Hn34h1hI00N9F1T,12 lx,,,,,
3x3_QK1Hn34h1hI00N9F5F,,倉庫,E 一般照明 埋込型LEDベースライト,2237,3x3_QK1Hn34h1hI00N9F1T,12 lx,,,,,
3x3_QK1Hn34h1hI00N9F5E,,倉庫,E 一般照明 埋込型LEDベースライト,2238,3x3_QK1Hn34h1hI00N9F1T,12 lx,,,,,
3x3_QK1Hn34h1hI00N9F51,,廊下2,E 非常照明 白熱灯,2239,1uZhMWPbb3YB$ENENMToYv,47 lx,,,,,
3x3_QK1Hn34h1hI00N9F50,,店舗,E 非常照明 白熱灯,2240,1uZhMWPbb3YB$ENENMToYv,47 lx,,,,,
3x3_QK1Hn34h1hI00N9F52,,店舗,E 非常照明 白熱灯,2241,1uZhMWPbb3YB$ENENMToYv,47 lx,,,,,
3x3_QK1Hn34h1hI00N9F55,,店舗,E 非常照明 白熱灯,2242,1uZhMWPbb3YB$ENENMToYv,47 lx,,,,,
3x3_QK1Hn34h1hI00N9F54,,店舗,E 非常照明 白熱灯,2243,1uZhMWPbb3YB$ENENMToYv,47 lx,,,,,
3x3_QK1Hn34h1hI00N9F57,,廊下1,E 非常照明 白熱灯,2244,1uZhMWPbb3YB$ENENMToYv,47 lx,,,,,
3x3_QK1Hn34h1hI00N9F56,,倉庫,E 非常照明 白熱灯,2245,1uZhMWPbb3YB$ENENMToYv,47 lx,,,,,
3x3_QK1Hn34h1hI00N9F5O,,清掃 管理人 控室,E 非常照明 白熱灯,2247,1uZhMWPbb3YB$ENENMToYv,47 lx,,,,,
3x3_QK1Hn34h1hI00N9F5R,,廊下2,E 非常照明 白熱灯,2248,1uZhMWPbb3YB$ENENMToYv,47 lx,,,,,
3x3_QK1Hn34h1hI00N9F5Q,,ELVホール,E 非常照明 白熱灯,2249,1uZhMWPbb3YB$ENENMToYv,47 lx,,,,,
3x3_QK1Hn34h1hI00N9F5T,,駐車場,E 非常照明 白熱灯,2250,1uZhMWPbb3YB$ENENMToYv,47 lx,,,,,
3x3_QK1Hn34h1hI00N9F5S,,駐車場,E 非常照明 白熱灯,2251,1uZhMWPbb3YB$ENENMToYv,47 lx,,,,,
3x3_QK1Hn34h1hI00N9F5V,,駐車場,E 非常照明 白熱灯,2252,1uZhMWPbb3YB$ENENMToYv,47 lx,,,,,
3x3_QK1Hn34h1hI00N9F5H,,駐車場,E 一般照明 埋込型LEDベースライト,2254,3kRJAGJ9b2fQG8K9TIFAJ1,12 lx,,,,,
3x3_QK1Hn34h1hI00N9F5G,,駐車場,E 一般照明 埋込型LEDベースライト,2255,3kRJAGJ9b2fQG8K9TIFAJ1,12 lx,,,,,
3x3_QK1Hn34h1hI00N9F5J,,駐車場,E 一般照明 埋込型LEDベースライト,2256,3kRJAGJ9b2fQG8K9TIFAJ1,12 lx,,,,,
3x3_QK1Hn34h1hI00N9F5I,,風除室,E 非常照明 白熱灯,2257,1uZhMWPbb3YB$ENENMToYv,47 lx,,,,,
3x3_QK1Hn34h1hI00N9F5L,,エントランス ホール,E 一般照明 LED ユニバーサルダウンライト,2258,1uZhMWPbb3YB$ENENMTnJW,497 lx,,,,,
3x3_QK1Hn34h1hI00N9F5K,,エントランス ホール,E 一般照明 LED ユニバーサルダウンライト,2259,1uZhMWPbb3YB$ENENMTnJW,497 lx,,,,,
3x3_QK1Hn34h1hI00N9F5N,,エントランス ホール,E 一般照明 LED ユニバーサルダウンライト,2260,1uZhMWPbb3YB$ENENMTnJW,497 lx,,,,,
3x3_QK1Hn34h1hI00N9F5M,,エントランス ホール,E 一般照明 LED ユニバーサルダウンライト,2261,1uZhMWPbb3YB$ENENMTnJW,497 lx,,,,,
3x3_QK1Hn34h1hI00N9F5f,,風除室,E 一般照明 LED ユニバーサルダウンライト,2262,1uZhMWPbb3YB$ENENMTnJW,497 lx,,,,,
3x3_QK1Hn34h1hI00N9F5e,,風除室,E 一般照明 LED ユニバーサルダウンライト,2263,1uZhMWPbb3YB$ENENMTnJW,497 lx,,,,,
3x3_QK1Hn34h1hI00N9F5h,,風除室,E 一般照明 LED ユニバーサルダウンライト,2264,1uZhMWPbb3YB$ENENMTnJW,497 lx,,,,,
3x3_QK1Hn34h1hI00N9F5g,,風除室,E 一般照明 LED ユニバーサルダウンライト,2265,1uZhMWPbb3YB$ENENMTnJW,497 lx,,,,,
3x3_QK1Hn34h1hI00N9F5j,,風除室,E 一般照明 LED ユニバーサルダウンライト,2266,1uZhMWPbb3YB$ENENMTnJW,497 lx,,,,,
3x3_QK1Hn34h1hI00N9F5i,,風除室,E 一般照明 LED ユニバーサルダウンライト,2267,1uZhMWPbb3YB$ENENMTnJW,497 lx,,,,,
3x3_QK1Hn34h1hI00N9F5l,,エントランス ホール,E 一般照明 LED ユニバーサルダウンライト,2268,1uZhMWPbb3YB$ENENMTnJW,497 lx,,,,,
3x3_QK1Hn34h1hI00N9F5k,,エントランス ホール,E 一般照明 LED ユニバーサルダウンライト,2269,1uZhMWPbb3YB$ENENMTnJW,497 lx,,,,,
3x3_QK1Hn34h1hI00N9F5X,,エントランス ホール,E 一般照明 LED ユニバーサルダウンライト,2270,1uZhMWPbb3YB$ENENMTnJW,497 lx,,,,,
3x3_QK1Hn34h1hI00N9F5W,,エントランス ホール,E 一般照明 LED ユニバーサルダウンライト,2271,1uZhMWPbb3YB$ENENMTnJW,497 lx,,,,,
3x3_QK1Hn34h1hI00N9F5Z,,ELVホール,E 一般照明 LED ユニバーサルダウンライト,2272,1uZhMWPbb3YB$ENENMTnJW,497 lx,,,,,
3x3_QK1Hn34h1hI00N9F5Y,,ELVホール,E 一般照明 LED ユニバーサルダウンライト,2273,1uZhMWPbb3YB$ENENMTnJW,497 lx,,,,,
3x3_QK1Hn34h1hI00N9F5b,,ELVホール,E 一般照明 LED ユニバーサルダウンライト,2274,1uZhMWPbb3YB$ENENMTnJW,497 lx,,,,,
3x3_QK1Hn34h1hI00N9F5a,,ELVホール,E 一般照明 LED ユニバーサルダウンライト,2275,1uZhMWPbb3YB$ENENMTnJW,497 lx,,,,,
3x3_QK1Hn34h1hI00N9F5v,,駐車場,E 非常照明 白熱灯,2277,1uZhMWPbb3YB$ENENMToYv,47 lx,,,,,
3x3_QK1Hn34h1hI00N9F5u,,駐車場,E 非常照明 白熱灯,2278,1uZhMWPbb3YB$ENENMToYv,47 lx,,,,,
3x3_QK1Hn34h1hI00N9F5x,1FL,階段室,E 非常照明 避難口誘導灯,2279,1uZhMWPbb3YB$ENENMToQq,,,,,,
3x3_QK1Hn34h1hI00N9F5w,1FL,駐車場,E 非常照明 避難口誘導灯,2280,1uZhMWPbb3YB$ENENMToQq,,,,,,
3x3_QK1Hn34h1hI00N9F5z,,ピロティ,E 一般照明 LED ダウンライト,2281,3kRJAGJ9b2fQG8K9TIFr5B,47 lx,,,,,
3x3_QK1Hn34h1hI00N9F5$,,ピロティ,E 一般照明 LED ダウンライト,2282,3kRJAGJ9b2fQG8K9TIFr5B,47 lx,,,,,
3x3_QK1Hn34h1hI00N9F5_,,ピロティ,E 一般照明 LED ダウンライト,2283,3kRJAGJ9b2fQG8K9TIFr5B,47 lx,,,,,
3x3_QK1Hn34h1hI00N9F5n,,ピロティ,E 一般照明 LED ダウンライト,2284,3kRJAGJ9b2fQG8K9TIFr5B,47 lx,,,,,
3x3_QK1Hn34h1hI00N9F5m,,ピロティ,E 一般照明 LED ダウンライト,2285,3kRJAGJ9b2fQG8K9TIFr5B,47 lx,,,,,
3x3_QK1Hn34h1hI00N9F5p,,ピロティ,E 一般照明 LED ダウンライト,2286,3kRJAGJ9b2fQG8K9TIFr5B,47 lx,,,,,
3x3_QK1Hn34h1hI00N9F5o,,ピロティ,E 一般照明 LED ダウンライト,2287,3kRJAGJ9b2fQG8K9TIFr5B,47 lx,,,,,
3x3_QK1Hn34h1hI00N9F5r,,ピロティ,E 一般照明 LED ダウンライト,2288,3kRJAGJ9b2fQG8K9TIFr5B,47 lx,,,,,
3x3_QK1Hn34h1hI00N9F5q,,ピロティ,E 一般照明 LED ダウンライト,2289,3kRJAGJ9b2fQG8K9TIFr5B,47 lx,,,,,
3x3_QK1Hn34h1hI00N9F5t,,ピロティ,E 一般照明 LED ダウンライト,2290,3kRJAGJ9b2fQG8K9TIFr5B,47 lx,,,,,
3x3_QK1Hn34h1hI00N9F5s,1FL,廊下2,E 非常照明 避難口誘導灯,2291,1uZhMWPbb3YB$ENENMToQq,,,,,,
3x3_QK1Hn34h1hI00N9F49,1FL,廊下1,E 非常照明 避難口誘導灯,2292,1uZhMWPbb3YB$ENENMToQq,,,,,,
3x3_QK1Hn34h1hI00N9F44,,管理人室,E 一般照明 LEDキッチン棚下灯,2304,3gsylVPln7f9fGGN09FZsT,12 lx,,,,,
3x3_QK1Hn34h1hI00N9F4O,1FL,店舗,E 非常照明 避難口誘導灯,668,1uZhMWPbb3YB$ENENMToQq,,,,,,
3x3_QK1Hn34h1hI00N9F4R,,ピロティ,E 一般照明 LED ダウンライト,669,3kRJAGJ9b2fQG8K9TIFr5B,47 lx,,,,,
3x3_QK1Hn34h1hI00N9F4Q,,ピロティ,E 一般照明 LED ダウンライト,670,3kRJAGJ9b2fQG8K9TIFr5B,47 lx,,,,,
3x3_QK1Hn34h1hI00N9F4T,,ピロティ,E 一般照明 LED ダウンライト,671,3kRJAGJ9b2fQG8K9TIFr5B,47 lx,,,,,
3x3_QK1Hn34h1hI00N9F4S,,ピロティ,E 一般照明 LED ダウンライト,672,3kRJAGJ9b2fQG8K9TIFr5B,47 lx,,,,,
3x3_QK1Hn34h1hI00N9F4V,1FL,廊下2,E 非常照明 通路誘導灯,673,3x3_QK1Hn34h1hI00N9F10,,,,,,
3x3_QK1Hn34h1hI00N9F4U,1FL,エントランス ホール,E 非常照明 通路誘導灯,674,3x3_QK1Hn34h1hI00N9F10,,,,,,
3x3_QK1Hn34h1hI00N9Dd1,,ELVホール,E 一般照明 蛍光灯 間接照明,2309,3x3_QK1Hn34h1hI00N9F1E,529 lx,,,,,
3x3_QK1Hn34h1hI00N9Dd0,,ELVホール,E 一般照明 蛍光灯 間接照明,2310,3x3_QK1Hn34h1hI00N9F1E,529 lx,,,,,
3x3_QK1Hn34h1hI00N9Dd3,,ELVホール,E 一般照明 蛍光灯 間接照明,2311,3x3_QK1Hn34h1hI00N9F1E,529 lx,,,,,
3x3_QK1Hn34h1hI00N9Dd2,,ELVホール,E 一般照明 蛍光灯 間接照明,2312,3x3_QK1Hn34h1hI00N9F1E,529 lx,,,,,
3x3_QK1Hn34h1hI00N9Dd5,,ELVホール,E 一般照明 蛍光灯 間接照明,2313,3x3_QK1Hn34h1hI00N9F1E,529 lx,,,,,
3x3_QK1Hn34h1hI00N9DdP,,ELVホール,E 一般照明 蛍光灯 間接照明,2314,3x3_QK1Hn34h1hI00N9F1E,529 lx,,,,,
3x3_QK1Hn34h1hI00N9DdO,,ELVホール,E 一般照明 蛍光灯 間接照明,2315,3x3_QK1Hn34h1hI00N9F1E,529 lx,,,,,
3x3_QK1Hn34h1hI00N9DdR,,ELVホール,E 一般照明 蛍光灯 間接照明,2316,3x3_QK1Hn34h1hI00N9F1E,529 lx,,,,,
3x3_QK1Hn34h1hI00N9DdQ,,ELVホール,E 一般照明 蛍光灯 間接照明,2317,3x3_QK1Hn34h1hI00N9F1E,529 lx,,,,,
3x3_QK1Hn34h1hI00N9DdT,,ELVホール,E 一般照明 蛍光灯 間接照明,2318,3x3_QK1Hn34h1hI00N9F1E,529 lx,,,,,
3x3_QK1Hn34h1hI00N9DdH,,ELVホール,E 一般照明 蛍光灯 間接照明,2319,3x3_QK1Hn34h1hI00N9F1E,529 lx,,,,,
3x3_QK1Hn34h1hI00N9DdG,,ELVホール,E 一般照明 蛍光灯 間接照明,2320,3x3_QK1Hn34h1hI00N9F1E,529 lx,,,,,
3x3_QK1Hn34h1hI00N9DdJ,,ELVホール,E 一般照明 蛍光灯 間接照明,2321,3x3_QK1Hn34h1hI00N9F1E,529 lx,,,,,
3x3_QK1Hn34h1hI00N9DdI,,ELVホール,E 一般照明 蛍光灯 間接照明,2322,3x3_QK1Hn34h1hI00N9F1E,529 lx,,,,,
3x3_QK1Hn34h1hI00N9DdL,,ELVホール,E 一般照明 蛍光灯 間接照明,2323,3x3_QK1Hn34h1hI00N9F1E,529 lx,,,,,
3x3_QK1Hn34h1hI00N9Ddf,,ELVホール,E 一般照明 蛍光灯 間接照明,2324,3x3_QK1Hn34h1hI00N9F1E,529 lx,,,,,
3x3_QK1Hn34h1hI00N9Dde,,ELVホール,E 一般照明 蛍光灯 間接照明,2325,3x3_QK1Hn34h1hI00N9F1E,529 lx,,,,,
3x3_QK1Hn34h1hI00N9Ddh,,ELVホール,E 一般照明 蛍光灯 間接照明,2326,3x3_QK1Hn34h1hI00N9F1E,529 lx,,,,,
3x3_QK1Hn34h1hI00N9Ddg,,ELVホール,E 一般照明 蛍光灯 間接照明,2327,3x3_QK1Hn34h1hI00N9F1E,529 lx,,,,,
3x3_QK1Hn34h1hI00N9Ddj,,ELVホール,E 一般照明 蛍光灯 間接照明,2328,3x3_QK1Hn34h1hI00N9F1E,529 lx,,,,,
3x3_QK1Hn34h1hI00N9DdX,,ELVホール,E 一般照明 蛍光灯 間接照明,2329,3x3_QK1Hn34h1hI00N9F1E,529 lx,,,,,
3x3_QK1Hn34h1hI00N9DdW,,ELVホール,E 一般照明 蛍光灯 間接照明,2330,3x3_QK1Hn34h1hI00N9F1E,529 lx,,,,,
3x3_QK1Hn34h1hI00N9DdZ,,ELVホール,E 一般照明 蛍光灯 間接照明,2331,3x3_QK1Hn34h1hI00N9F1E,529 lx,,,,,
3x3_QK1Hn34h1hI00N9DdY,,ELVホール,E 一般照明 蛍光灯 間接照明,2332,3x3_QK1Hn34h1hI00N9F1E,529 lx,,,,,
3x3_QK1Hn34h1hI00N9Ddb,,ELVホール,E 一般照明 蛍光灯 間接照明,2333,3x3_QK1Hn34h1hI00N9F1E,529 lx,,,,,
3x3_QK1Hn34h1hI00N9Ddv,,ELVホール,E 一般照明 蛍光灯 間接照明,2334,3x3_QK1Hn34h1hI00N9F1E,529 lx,,,,,
3x3_QK1Hn34h1hI00N9Ddu,,ELVホール,E 一般照明 蛍光灯 間接照明,2335,3x3_QK1Hn34h1hI00N9F1E,529 lx,,,,,
3x3_QK1Hn34h1hI00N9Ddx,,ELVホール,E 一般照明 蛍光灯 間接照明,2336,3x3_QK1Hn34h1hI00N9F1E,529 lx,,,,,
3x3_QK1Hn34h1hI00N9Ddw,,ELVホール,E 一般照明 蛍光灯 間接照明,2337,3x3_QK1Hn34h1hI00N9F1E,529 lx,,,,,
3x3_QK1Hn34h1hI00N9Ddz,,ELVホール,E 一般照明 蛍光灯 間接照明,2338,3x3_QK1Hn34h1hI00N9F1E,529 lx,,,,,
